[key]; [value]
Version; 0x03050000
Name; Application.Trace
ApplicationName; Application
ApplicationDataGuid; 00000000-0000-0000-0000-000000000000
IecTaskName; MainTask
Comment; 
Trigger.Flags; 0
Condition.Name; 
Condition.AddrFlags; 0x00000000
Condition.Class; 0
Condition.Size; 0
EveryNCycles; 1
BufferEntries; 201
Flags; 16
0.Variable; PLC_PRG.FilterOutput
0.Address.AddrFlags; 0x00000000
0.Class; 14
0.Size; 4
0.GraphColor; 4294901760
0.GraphType; 4
0.MinWarningColor; 4278190080
0.MaxWarningColor; 4294901760
0.CriticalLowerLimit; 0
0.CriticalUpperLimit; 0
0.ActivateMinWarning; 0
0.ActivateMaxWarning; 0
0.YAxis; 0
0.Data; 
; 8; 0
; 18; 0
; 28; 0
; 38; 0
; 48; 0
; 58; 0
; 68; 0
; 78; 0
; 88; 0
; 98; 0
; 108; 0
; 118; 0
; 128; 0
; 138; 0
; 148; 0
; 158; 0
; 168; 0
; 178; 0
; 188; 0
; 198; 0
; 208; 0
; 218; 0
; 228; 0
; 238; 0
; 248; 0
; 258; 0
; 268; 0
; 278; 0
; 288; 0
; 298; 0
; 308; 0
; 318; 0
; 328; 0
; 338; 0
; 348; 0
; 358; 0
; 368; 0
; 378; 0
; 388; 0
; 398; 0
; 408; 0
; 418; 0
; 428; 0
; 438; 0
; 448; 0
; 458; 0
; 468; 0
; 478; 0
; 488; 0
; 498; 0
; 508; 0
; 518; 0
; 528; 0
; 538; 0
; 548; 0
; 558; 0
; 568; 0
; 578; 0
; 588; 0
; 598; 0
; 608; 0
; 618; 0
; 628; 0
; 638; 0
; 648; 0
; 658; 0
; 668; 0
; 678; 0
; 688; 0
; 698; 0
; 708; 0
; 718; 0
; 728; 0
; 738; 0
; 748; 0
; 758; 0
; 768; 0
; 778; 0
; 788; 0
; 798; 0
; 808; 0
; 818; 0
; 828; 0
; 838; 0
; 848; 0
; 858; 0
; 868; 0
; 878; 0
; 888; 0
; 898; 0
; 908; 0
; 918; 0
; 928; 0
; 938; 0
; 948; 0
; 958; 0
; 968; 0
; 978; 0
; 988; 0
; 998; 0
; 1008; 0
; 1018; 0
; 1028; 0
; 1038; 0
; 1048; 0
; 1058; 0
; 1068; 0
; 1078; 0
; 1088; 0
; 1098; 0
; 1108; 0
; 1118; 0
; 1128; 0
; 1138; 0
; 1148; 0
; 1158; 0
; 1168; 0
; 1178; 0
; 1188; 0
; 1198; 0
; 1208; 0
; 1218; 0
; 1228; 0
; 1238; 0
; 1248; 0
; 1258; 0
; 1268; 0
; 1278; 0
; 1288; 0
; 1298; 0
; 1308; 0
; 1318; 0
; 1328; 0
; 1338; 0
; 1348; 0
; 1358; 0
; 1368; 0
; 1378; 0
; 1388; 0
; 1398; 0
; 1408; 0
; 1418; 0
; 1428; 0
; 1438; 0
; 1448; 0
; 1458; 0
; 1468; 0
; 1478; 0
; 1488; 0
; 1498; 0
; 1508; 0
; 1518; 0
; 1528; 0
; 1538; 0
; 1548; 0
; 1558; 0
; 1568; 0
; 1578; 0
; 1588; 0
; 1598; 0
; 1608; 0
; 1618; 0
; 1628; 0
; 1638; 0
; 1648; 0
; 1658; 0
; 1668; 0
; 1678; 0
; 1688; 0
; 1698; 0
; 1708; 0
; 1718; 0
; 1728; 0
; 1738; 0
; 1748; 0
; 1758; 0
; 1768; 0
; 1778; 0
; 1788; 0
; 1798; 0
; 1808; 0
; 1818; 0
; 1828; 0
; 1838; 0
; 1848; 0
; 1858; 0
; 1868; 0
; 1878; 0
; 1889; 0
; 1899; 0
; 1909; 0
; 1919; 0
; 1929; 0
; 1939; 0
; 1949; 0
; 1959; 0
; 1969; 0
; 1979; 0
; 1989; 0
; 1999; 0
; 2009; 0
; 2019; 0
; 2029; 0
; 2039; 0
; 2049; 0
; 2059; 0
; 2069; 0
; 2079; 0
; 2089; 0
; 2099; 0
; 2109; 0
; 2119; 0
; 2129; 0
; 2139; 0
; 2149; 0
; 2159; 0
; 2169; 0
; 2179; 0
; 2189; 0
; 2199; 0
; 2209; 0
; 2219; 0
; 2229; 0
; 2239; 0
; 2249; 0
; 2259; 0
; 2269; 0
; 2280; 0
; 2289; 0
; 2299; 0
; 2310; 0
; 2320; 0
; 2330; 0
; 2340; 0
; 2350; 0
; 2360; 0
; 2370; 0
; 2380; 0
; 2390; 0
; 2400; 0
; 2410; 0
; 2420; 0
; 2430; 0
; 2440; 0
; 2450; 0
; 2460; 0
; 2470; 0
; 2480; 0
; 2490; 0
; 2500; 0
; 2511; 0
; 2521; 0
; 2531; 0
; 2541; 0
; 2551; 0
; 2561; 0
; 2571; 0
; 2581; 0
; 2591; 0.0053766998462378979
; 2601; 0.023742901161313057
; 2611; 0.0012091002427041531
; 2621; 0.0099128000438213348
; 2631; 0.01320980116724968
; 2641; 0.00026960065588355064
; 2651; -0.0039022997952997684
; 2661; -0.0002847001887857914
; 2671; 0.035717997699975967
; 2681; 0.058281704783439636
; 2691; 0.026690002530813217
; 2701; 0.0798737108707428
; 2711; 0.078752107918262482
; 2721; 0.075179897248744965
; 2731; 0.095650307834148407
; 2741; 0.098182603716850281
; 2751; 0.09376099705696106
; 2761; 0.073120005428791046
; 2771; 0.059761997312307358
; 2781; 0.087678804993629456
; 2791; 0.0642906054854393
; 2801; 0.045207705348730087
; 2811; 0.053256701678037643
; 2821; 0.06265760213136673
; 2831; 0.069842197000980377
; 2841; 0.081676594913005829
; 2851; 0.074294507503509521
; 2861; 0.057415805757045746
; 2871; 0.046428702771663666
; 2881; 0.03208700567483902
; 2891; 0.05329190194606781
; 2901; 0.034894898533821106
; 2911; 0.0090406015515327454
; 2921; -0.0019158003851771355
; 2931; -0.038787294179201126
; 2941; -0.027863301336765289
; 2951; -0.016877198591828346
; 2961; -0.021774798631668091
; 2971; 0.0062821982428431511
; 2981; -0.012345001101493835
; 2991; 0.0063659017905592918
; 3001; 0.022902902215719223
; 3011; 0.042452700436115265
; 3021; 0.083286799490451813
; 3031; 0.06851690262556076
; 3041; 0.073227204382419586
; 3051; 0.087390497326850891
; 3061; 0.088227309286594391
; 3071; 0.12453790009021759
; 3081; 0.14491580426692963
; 3091; 0.14695641398429871
; 3101; 0.15280060470104218
; 3111; 0.14579349756240845
; 3121; 0.15156999230384827
; 3131; 0.160064697265625
; 3141; 0.1853024959564209
; 3151; 0.17959149181842804
; 3161; 0.18063530325889587
; 3171; 0.17554941773414612
; 3181; 0.20362220704555511
; 3191; 0.20022070407867432
; 3201; 0.22095020115375519
; 3211; 0.24587319791316986
; 3221; 0.26521050930023193
; 3231; 0.27358901500701904
; 3241; 0.29040771722793579
; 3251; 0.28004071116447449
; 3261; 0.28313630819320679
; 3271; 0.26777350902557373
; 3281; 0.30675908923149109
; 3291; 0.30303168296813965
; 3301; 0.305905282497406
; 3311; 0.29205691814422607
; 3321; 0.2827465832233429
; 3331; 0.26964840292930603
; 3341; 0.26411512494087219
; 3351; 0.24905160069465637
; 3361; 0.25628668069839478
; 3371; 0.22274570167064667
; 3381; 0.21867850422859192
; 3391; 0.21712811291217804
; 3401; 0.2137053906917572
; 3411; 0.19853469729423523
; 3421; 0.21379740536212921
; 3431; 0.21151269972324371
; 3441; 0.22444000840187073
; 3451; 0.21964621543884277
; 3461; 0.21072009205818176
; 3471; 0.20657460391521454
; 3481; 0.17246031761169434
; 3491; 0.1498023122549057
; 3501; 0.14061030745506287
; 3511; 0.12369320541620255
; 3521; 0.14933010935783386
; 3531; 0.12743230164051056
; 3541; 0.11269200593233109
; 3551; 0.10604149848222733
; 3561; 0.076291903853416443
; 3571; 0.0752980038523674
; 3581; 0.060568001121282578
; 3591; 0.059660300612449646
; 3601; 0.035294700413942337
; 3611; 0.0021780012175440788
; 3621; -0.0048611005768179893
; 3631; -0.011062299832701683
; 3641; -0.022704098373651505
; 3651; -0.0040380004793405533
; 3661; 0.0030811997130513191
; 3672; 0.034382399171590805
; 3682; 0.021172599866986275
; 3692; 0.0067042009904980659
; 3702; -0.0037580986972898245
; 3712; 0.015067302621901035
; 3722; 0.0011448012664914131
; 3732; 0.01659180223941803
; 3742; 0.012766903266310692
; 3752; 0.019574401900172234
; 3762; -0.017319299280643463
; 3772; -0.017520898953080177
; 3782; -0.008381599560379982
; 3792; 0.028928499668836594
; 3802; 0.023468898609280586
; 3812; 0.047814298421144485
; 3822; 0.027457199990749359
; 3832; 0.021364700049161911
; 3842; 0.004107300192117691
; 3852; 0.034534800797700882
; 3862; 0.03356730192899704
; 3872; 0.052495401352643967
; 3882; 0.0027313996106386185
; 3892; -0.0092250984162092209
; 3902; -0.031416498124599457
; 3912; -0.036771103739738464
; 3922; -0.027171000838279724
; 3932; -0.021792300045490265
; 3942; -0.032607603818178177
; 3952; -0.043331500142812729
; 3962; -0.039237804710865021
; 3972; -0.015383701771497726
; 3982; -0.015001601539552212
; 3992; -0.0067026009783148766
; 4002; 0.0062822001054883
; 4012; -0.016465498134493828
; 4022; -0.022307699546217918
; 4032; -0.031121999025344849
; 4042; -0.027743101119995117
; 4052; -0.050747804343700409
; 4062; -0.05975089967250824
; 4072; -0.076952405273914337
; 4082; -0.067704804241657257
; 4092; -0.062651000916957855
; 4102; -0.050716899335384369
; 4112; -0.056176900863647461
; 4122; -0.066414602100849152
; 4132; -0.0596064031124115
; 4142; -0.065146401524543762
; 4152; -0.085328899323940277
; 4162; -0.07276250422000885
; 4172; -0.1082272082567215
; 4182; -0.14289280772209167
; 4192; -0.16920480132102966
; 4202; -0.19313910603523254
; 4212; -0.20438960194587708
; 4222; -0.18957529962062836
; 4232; -0.16417500376701355
; 4242; -0.13866931200027466
; 4252; -0.14169730246067047
; 4262; -0.11727529764175415
; 4272; -0.074549496173858643
; 4282; -0.017324898391962051
; 4292; 0.024207204580307007
; 4302; 0.058482702821493149
; 4312; 0.06510460376739502
; 4322; 0.098257586359977722
; 4332; 0.14546871185302734
; 4342; 0.20892961323261261
; 4352; 0.26265430450439453
; 4362; 0.31262949109077454
; 4372; 0.34632667899131775
; 4382; 0.41463986039161682
; 4392; 0.47069448232650757
; 4402; 0.53610861301422119
; 4412; 0.570659339427948
; 4422; 0.60976970195770264
; 4432; 0.65715360641479492
; 4442; 0.71522027254104614
; 4452; 0.73607134819030762
; 4462; 0.77479535341262817
; 4472; 0.781623899936676
; 4482; 0.79090112447738647
; 4492; 0.76822912693023682
; 4502; 0.74586224555969238
; 4512; 0.7049936056137085
; 4522; 0.64600127935409546
; 4532; 0.5699198842048645
; 4542; 0.52315354347229
; 4552; 0.45961329340934753
; 4562; 0.39147767424583435
; 4572; 0.32385578751564026
; 4582; 0.26585659384727478
; 4592; 0.20366160571575165
; 4602; 0.1301916092634201
; 4612; 0.07325001060962677
; 4622; 0.0096042975783348083
; 4632; -0.063508011400699615
; 4642; -0.13982871174812317
; 4652; -0.20808720588684082
; 4662; -0.28160828351974487
; 4672; -0.35568699240684509
; 4682; -0.42518323659896851
; 4692; -0.48640900850296021
; 4702; -0.53093612194061279
; 4712; -0.58027243614196777
; 4722; -0.60962331295013428
; 4732; -0.63070935010910034
; 4742; -0.63953161239624023
; 4752; -0.61215770244598389
; 4762; -0.57904624938964844
; 4772; -0.51370871067047119
; 4782; -0.44795513153076172
; 4792; -0.41249459981918335
; 4802; -0.32477909326553345
; 4812; -0.24467042088508606
; 4822; -0.18389581143856049
; 4832; -0.13823729753494263
; 4842; -0.098756201565265656
; 4852; -0.062542803585529327
; 4862; -0.047023601830005646
; 4872; -0.026058699935674667
; 4882; 0.0031310990452766418
; 4892; -0.0018439991399645805
; 4902; -0.026529999449849129
; 4912; -0.033545799553394318
; 4922; -0.025727700442075729
; 4932; -0.02619200199842453
; 4942; -0.027670698240399361
; 4952; -0.030139097943902016
; 4962; -0.057651594281196594
; 4972; -0.066488303244113922
; 4982; -0.057815100997686386
; 4992; -0.055807702243328094
; 5002; -0.036823101341724396
; 5012; -0.025741200894117355
; 5022; -0.02078540064394474
; 5032; -0.015587501227855682
; 5042; -0.031195098534226418
; 5052; -0.0015811012126505375
; 5062; 0.019196100533008575
; 5072; 0.0079226996749639511
; 5082; 0.019171100109815598
; 5092; 0.0026597017422318459
; 5102; -0.00098399841226637363
; 5112; 0.0017971009947359562
; 5122; 0.0044041015207767487
; 5132; 0.016494201496243477
; 5142; 0.015142700634896755
; 5152; 0.019507799297571182
; 5162; -0.0038915018085390329
; 5172; 0.018156899139285088
; 5182; 0.029041899368166924
; 5192; 0.039518300443887711
; 5202; 0.020720798522233963
; 5212; 0.010724196210503578
; 5222; 0.011839295737445354
; 5232; 0.018598597496747971
; 5242; -0.018172705546021461
; 5252; 0.0092948004603385925
; 5262; -0.024960504844784737
; 5272; -0.027506604790687561
; 5282; -0.030816001817584038
; 5292; -0.010736100375652313
; 5302; 0.0061581982299685478
; 5312; 0.019167199730873108
; 5322; 0.008598601445555687
; 5332; 0.02803879976272583
; 5342; 0.014046302996575832
; 5352; 0.013124501332640648
; 5362; 0.021878501400351524
; 5372; 0.015523001551628113
; 5382; 0.011870900169014931
; 5392; 0.010323403403162956
; 5402; 0.0063761002384126186
; 5412; 0.016554800793528557
; 5422; 0.026654399931430817
; 5432; 0.045563697814941406
; 5442; 0.06134679913520813
; 5452; 0.045362498611211777
; 5462; 0.039014097303152084
; 5472; 0.051651902496814728
; 5482; 0.026589997112751007
; 5492; 0.020567199215292931
; 5502; -0.0022556008771061897
; 5512; -0.0043855020776391029
; 5523; -0.0048986021429300308
; 5533; -0.0071169012226164341
; 5543; -0.00075400108471512794
; 5553; -0.018933702260255814
; 5563; -0.024875402450561523
; 5573; -0.03051380068063736
; 5583; -0.05329430103302002
; 5593; -0.032838903367519379
; 5603; -0.052361100912094116
; 5613; -0.056695800274610519
; 5623; -0.04977010190486908
; 5633; -0.040316801518201828
; 5643; -0.022197898477315903
; 5653; -0.02334819920361042
; 5663; -0.00024989992380142212
; 5673; 0.03137119859457016
; 5683; 0.036101099103689194
; 5693; 0.054732400923967361
; 5703; 0.049465801566839218
; 5713; 0.041391700506210327
; 5723; 0.043059699237346649
; 5733; 0.029330998659133911
; 5743; 0.020816298201680183
; 5753; 0.0085575990378856659
; 5763; -0.0016468013636767864
; 5773; 0.0017892997711896896
; 5783; 0.0038071994204074144
; 5793; -0.0018547005020081997
; 5803; -0.001496599055826664
; 5813; -0.0061785988509655
; 5823; 0.01616479828953743
; 5833; 0.028254300355911255
; 5843; 0.048985004425048828
; 5853; 0.047536700963974
; 5863; 0.043306998908519745
; 5873; 0.017754198983311653
; 5883; 0.043382599949836731
; 5893; 0.045827798545360565
; 5903; 0.03644450381398201
; 5913; 0.040849104523658752
; 5923; 0.027569800615310669
; 5933; 0.02738729864358902
; 5943; 0.03510570153594017
; 5953; 0.062677212059497833
; 5963; 0.09940820187330246
; 5973; 0.06701119989156723
; 5983; 0.081740811467170715
; 5993; 0.0838233083486557
; 6003; 0.08783760666847229
; 6013; 0.10779361426830292
; 6023; 0.119504913687706
; 6033; 0.12640650570392609
; 6043; 0.12441709637641907
; 6053; 0.1122485026717186
; 6063; 0.14451791346073151
; 6073; 0.15077739953994751
; 6083; 0.16963610053062439
; 6093; 0.1841270923614502
; 6103; 0.18795149028301239
; 6113; 0.17397449910640717
; 6123; 0.15909850597381592
; 6133; 0.16147419810295105
; 6143; 0.15889649093151093
; 6153; 0.15441860258579254
; 6163; 0.15027201175689697
; 6173; 0.14653071761131287
; 6183; 0.12464851886034012
; 6193; 0.11271381378173828
; 6203; 0.11528101563453674
; 6213; 0.1440989077091217
; 6223; 0.11287939548492432
; 6233; 0.12274600565433502
; 6243; 0.12077319622039795
; 6253; 0.10877750068902969
; 6263; 0.093046300113201141
; 6273; 0.0952266976237297
; 6283; 0.095011502504348755
; 6293; 0.07754100114107132
; 6303; 0.06064780056476593
; 6313; 0.057007603347301483
; 6323; 0.044192999601364136
; 6333; 0.040443502366542816
; 6343; 0.029710201546549797
; 6353; 0.033372003585100174
; 6363; 0.035688601434230804
; 6373; 0.014171501621603966
; 6383; 0.035199806094169617
; 6393; 0.053497198969125748
; 6403; 0.067288704216480255
; 6413; 0.0610479973256588
; 6423; 0.057946696877479553
; 6433; 0.05260789766907692
; 6443; 0.070243701338768
; 6453; 0.072491198778152466
; 6463; 0.095430999994277954
; 6473; 0.073386698961257935
; 6483; 0.0497824028134346
; 6493; 0.032412800937891006
; 6503; 0.030630199238657951
; 6513; 0.019184298813343048
; 6523; 0.018193900585174561
; 6533; -0.010398601181805134
; 6543; -0.022630998864769936
; 6553; -0.048219505697488785
; 6563; -0.034111104905605316
; 6573; -0.039215005934238434
; 6583; -0.027366802096366882
; 6593; -0.022282503545284271
; 6603; -0.012365901842713356
; 6613; -0.017666200175881386
; 6623; -0.019507799297571182
; 6633; -0.022605100646615028
; 6643; -0.005246299784630537
; 6653; -0.00076129869557917118
; 6663; -0.0031285989098250866
; 6673; 0.0019303031731396914
; 6683; 0.00350379990413785
; 6693; 0.0098986020311713219
; 6703; 0.025676501914858818
; 6713; 0.029068801552057266
; 6723; 0.018563302233815193
; 6733; 0.018940901383757591
; 6743; 0.015839001163840294
; 6755; 0.015812702476978302
; 6765; -0.002210699487477541
; 6775; -0.010051298886537552
; 6785; -0.032758399844169617
; 6795; -0.038957998156547546
; 6805; -0.034197200089693069
; 6815; -0.01892479881644249
; 6825; -0.021117500960826874
; 6835; -0.023189602419734
; 6845; -0.019170500338077545
; 6855; 0.0043776025995612144
; 6865; 0.010584201663732529
; 6875; 0.039595000445842743
; 6885; 0.037293903529644012
; 6895; 0.044366803020238876
; 6905; 0.041305903345346451
; 6915; 0.04794510081410408
; 6925; 0.047771003097295761
; 6935; 0.024817600846290588
; 6945; -0.0065930010750889778
; 6955; -0.024123299866914749
; 6965; -0.038149796426296234
; 6975; -0.016216602176427841
; 6985; -0.024750202894210815
; 6995; -0.014024501666426659
; 7005; -0.014570501632988453
; 7015; -0.031026102602481842
; 7025; -0.0051912004128098488
; 7035; 0.00056029856204986572
; 7045; 0.030133100226521492
; 7055; 0.02578900009393692
; 7065; 0.02744700014591217
; 7075; 0.026464499533176422
; 7085; 0.024235598742961884
; 7095; 0.018152300268411636
; 7105; 0.0084489993751049042
; 7115; -0.00534699996933341
; 7125; 0.0082970000803470612
; 7135; -0.0074145994149148464
; 7145; -0.01827620342373848
; 7155; -0.040899999439716339
; 7165; -0.034154199063777924
; 7175; -0.049978699535131454
; 7185; -0.039601296186447144
; 7195; -0.025788798928260803
; 7205; 0.0021210992708802223
; 7215; -0.014802700839936733
; 7225; -0.012261901050806046
; 7235; -0.016284901648759842
; 7246; -0.017257403582334518
; 7256; -0.025685101747512817
; 7266; -0.011741504073143005
; 7276; -0.012069700285792351
; 7286; -0.0026577021926641464
; 7296; -0.024476999416947365
; 7306; -0.0055233994498848915
; 7316; 0.0004735998809337616
; 7326; 0.016886001452803612
; 7336; 0.029834797605872154
; 7346; 0.039895299822092056
; 7356; 0.026012299582362175
; 7366; 0.024186700582504272
; 7376; 0.014609799720346928
; 7386; 0.012301300652325153
; 7396; 0.0059158997610211372
; 7406; -0.0051480000838637352
; 7416; -0.0076683014631271362
; 7426; -0.0074272002093493938
; 7436; -0.0010869009420275688
; 7446; 0.0068031009286642075
; 7456; 0.0024841991253197193
; 7466; 0.0066732005216181278
; 7476; 0.01500839926302433
; 7486; 0.017638899385929108
; 7496; 0.014545200392603874
; 7506; 0.01861179992556572
; 7516; 0.018669199198484421
; 7526; 0.0091239996254444122
; 7536; 0.028402002528309822
; 7546; 0.019039599224925041
; 7556; 0.014051998965442181
; 7566; -0.0057428013533353806
; 7576; -0.0010380004532635212
; 7586; 0.013801500201225281
; 7596; 0.013801500201225281
; 7606; 0.013801500201225281
; 7616; 0.013801500201225281
; 7626; 0.013801500201225281
; 7636; 0.013801500201225281
; 7646; 0.013801500201225281
; 7656; 0.013801500201225281
; 7666; 0.013801500201225281
; 7676; 0.013801500201225281
; 7686; 0.013801500201225281
; 7696; 0.013801500201225281
; 7706; 0.013801500201225281
; 7716; 0.013801500201225281
; 7726; 0.013801500201225281
; 7736; 0.013801500201225281
; 7746; 0.013801500201225281
; 7756; 0.013801500201225281
; 7766; 0.013801500201225281
; 7776; 0.013801500201225281
; 7786; 0.013801500201225281
; 7796; 0.013801500201225281
; 7806; 0.013801500201225281
; 7816; 0.013801500201225281
; 7826; 0.013801500201225281
; 7836; 0.013801500201225281
; 7846; 0.013801500201225281
; 7856; 0.013801500201225281
; 7866; 0.013801500201225281
; 7876; 0.013801500201225281
; 7886; 0.013801500201225281
; 7896; 0.013801500201225281
; 7906; 0.013801500201225281
; 7916; 0.013801500201225281
; 7926; 0.013801500201225281
; 7936; 0.013801500201225281
; 7946; 0.013801500201225281
; 7956; 0.013801500201225281
; 7966; 0.013801500201225281
; 7977; 0.013801500201225281
; 7987; 0.013801500201225281
; 7997; 0.013801500201225281
; 8007; 0.013801500201225281
; 8017; 0.013801500201225281
; 8027; 0.013801500201225281
; 8037; 0.013801500201225281
; 8047; 0.013801500201225281
; 8057; 0.013801500201225281
; 8067; 0.013801500201225281
; 8077; 0.013801500201225281
; 8087; 0.013801500201225281
; 8097; 0.013801500201225281
; 8107; 0.013801500201225281
; 8117; 0.013801500201225281
; 8127; 0.013801500201225281
; 8137; 0.013801500201225281
; 8147; 0.013801500201225281
; 8157; 0.013801500201225281
; 8167; 0.013801500201225281
; 8177; 0.013801500201225281
; 8187; 0.013801500201225281
; 8197; 0.013801500201225281
; 8207; 0.013801500201225281
; 8217; 0.013801500201225281
; 8227; 0.013801500201225281
; 8237; 0.013801500201225281
; 8247; 0.013801500201225281
; 8257; 0.013801500201225281
; 8267; 0.013801500201225281
; 8279; 0.013801500201225281
; 8289; 0.013801500201225281
; 8299; 0.013801500201225281
; 8309; 0.013801500201225281
; 8319; 0.013801500201225281
; 8329; 0.013801500201225281
; 8339; 0.013801500201225281
; 8349; 0.013801500201225281
; 8359; 0.013801500201225281
; 8369; 0.013801500201225281
; 8379; 0.013801500201225281
; 8389; 0.013801500201225281
; 8399; 0.013801500201225281
; 8409; 0.013801500201225281
; 8419; 0.013801500201225281
; 8429; 0.013801500201225281
; 8439; 0.013801500201225281
; 8449; 0.013801500201225281
; 8459; 0.013801500201225281
; 8469; 0.013801500201225281
; 8479; 0.013801500201225281
; 8489; 0.013801500201225281
; 8499; 0.013801500201225281
; 8509; 0.013801500201225281
; 8519; 0.013801500201225281
; 8529; 0.013801500201225281
; 8539; 0.013801500201225281
; 8549; 0.013801500201225281
; 8559; 0.013801500201225281
; 8569; 0.013801500201225281
; 8579; 0.013801500201225281
; 8589; 0.013801500201225281
; 8599; 0.013801500201225281
; 8609; 0.013801500201225281
; 8619; 0.013801500201225281
; 8629; 0.013801500201225281
; 8639; 0.013801500201225281
; 8649; 0.013801500201225281
; 8659; 0.013801500201225281
; 8669; 0.013801500201225281
; 8680; 0.013801500201225281
; 8690; 0.013801500201225281
; 8700; 0.013801500201225281
; 8710; 0.013801500201225281
; 8720; 0.013801500201225281
; 8730; 0.013801500201225281
; 8740; 0.013801500201225281
; 8750; 0.013801500201225281
; 8760; 0.013801500201225281
; 8770; 0.013801500201225281
; 8780; 0.013801500201225281
; 8790; 0.013801500201225281
; 8800; 0.013801500201225281
; 8810; 0.013801500201225281
; 8820; 0.013801500201225281
; 8830; 0.013801500201225281
; 8840; 0.013801500201225281
; 8850; 0.013801500201225281
; 8860; 0.013801500201225281
; 8870; 0.013801500201225281
; 8880; 0.013801500201225281
; 8890; 0.013801500201225281
; 8900; 0.013801500201225281
; 8910; 0.013801500201225281
; 8920; 0.013801500201225281
; 8930; 0.013801500201225281
; 8940; 0.013801500201225281
; 8950; 0.013801500201225281
; 8960; 0.013801500201225281
; 8970; 0.013801500201225281
; 8980; 0.013801500201225281
; 8990; 0.013801500201225281
; 9000; 0.013801500201225281
; 9010; 0.013801500201225281
; 9020; 0.013801500201225281
; 9030; 0.013801500201225281
; 9040; 0.013801500201225281
; 9050; 0.013801500201225281
; 9060; 0.013801500201225281
; 9070; 0.013801500201225281
; 9080; 0.013801500201225281
; 9090; 0.013801500201225281
; 9100; 0.013801500201225281
; 9112; 0.013801500201225281
; 9122; 0.013801500201225281
; 9132; 0.013801500201225281
; 9142; 0.013801500201225281
; 9152; 0.013801500201225281
; 9162; 0.013801500201225281
; 9172; 0.013801500201225281
; 9182; 0.013801500201225281
; 9192; 0.013801500201225281
; 9202; 0.013801500201225281
; 9212; 0.013801500201225281
; 9222; 0.013801500201225281
; 9232; 0.013801500201225281
; 9242; 0.013801500201225281
; 9252; 0.013801500201225281
; 9262; 0.013801500201225281
; 9272; 0.013801500201225281
; 9282; 0.013801500201225281
; 9292; 0.013801500201225281
; 9302; 0.013801500201225281
; 9312; 0.013801500201225281
; 9322; 0.013801500201225281
; 9332; 0.013801500201225281
; 9342; 0.013801500201225281
; 9352; 0.013801500201225281
; 9362; 0.013801500201225281
; 9372; 0.013801500201225281
; 9382; 0.013801500201225281
; 9392; 0.013801500201225281
; 9402; 0.013801500201225281
; 9412; 0.013801500201225281
; 9422; 0.013801500201225281
; 9432; 0.013801500201225281
; 9442; 0.013801500201225281
; 9452; 0.013801500201225281
; 9462; 0.013801500201225281
; 9472; 0.013801500201225281
; 9482; 0.013801500201225281
; 9492; 0.013801500201225281
; 9502; 0.013801500201225281
; 9512; 0.013801500201225281
; 9522; 0.013801500201225281
; 9532; 0.013801500201225281
; 9542; 0.013801500201225281
; 9552; 0.013801500201225281
; 9562; 0.013801500201225281
; 9572; 0.013801500201225281
; 9582; 0.013801500201225281
; 9592; 0.013801500201225281
; 9602; 0.013801500201225281
; 9612; 0.013801500201225281
; 9622; 0.013801500201225281
; 9632; 0.013801500201225281
; 9642; 0.013801500201225281
; 9652; 0.013801500201225281
; 9662; 0.013801500201225281
; 9672; 0.013801500201225281
; 9682; 0.013801500201225281
; 9692; 0.013801500201225281
; 9702; 0.013801500201225281
; 9712; 0.013801500201225281
; 9722; 0.013801500201225281
; 9732; 0.013801500201225281
; 9742; 0.013801500201225281
; 9752; 0.013801500201225281
; 9762; 0.013801500201225281
; 9772; 0.013801500201225281
; 9782; 0.013801500201225281
; 9792; 0.013801500201225281
; 9802; 0.013801500201225281
; 9812; 0.013801500201225281
; 9822; 0.013801500201225281
; 9832; 0.013801500201225281
; 9842; 0.013801500201225281
; 9852; 0.013801500201225281
; 9862; 0.013801500201225281
; 9872; 0.013801500201225281
; 9882; 0.013801500201225281
; 9892; 0.013801500201225281
; 9902; 0.013801500201225281
; 9912; 0.013801500201225281
; 9922; 0.013801500201225281
; 9932; 0.013801500201225281
; 9942; 0.013801500201225281
; 9952; 0.013801500201225281
; 9962; 0.013801500201225281
; 9972; 0.013801500201225281
; 9982; 0.013801500201225281
; 9992; 0.013801500201225281
; 10002; 0.013801500201225281
; 10012; 0.013801500201225281
; 10022; 0.013801500201225281
; 10032; 0.013801500201225281
; 10042; 0.013801500201225281
; 10052; 0.013801500201225281
; 10062; 0.013801500201225281
; 10072; 0.013801500201225281
; 10082; 0.013801500201225281
; 10092; 0.013801500201225281
; 10102; 0.013801500201225281
; 10112; 0.013801500201225281
; 10122; 0.013801500201225281
; 10132; 0.013801500201225281
; 10143; 0.013801500201225281
; 10153; 0.013801500201225281
; 10163; 0.013801500201225281
; 10173; 0.013801500201225281
; 10183; 0.013801500201225281
; 10193; 0.013801500201225281
; 10203; 0.013801500201225281
; 10213; 0.013801500201225281
; 10223; 0.013801500201225281
; 10233; 0.013801500201225281
; 10243; 0.013801500201225281
; 10253; 0.013801500201225281
; 10263; 0.013801500201225281
; 10273; 0.013801500201225281
; 10283; 0.013801500201225281
; 10293; 0.013801500201225281
; 10303; 0.013801500201225281
; 10313; 0.013801500201225281
; 10323; 0.013801500201225281
; 10333; 0.013801500201225281
; 10343; 0.013801500201225281
; 10353; 0.013801500201225281
; 10363; 0.013801500201225281
; 10373; 0.013801500201225281
; 10383; 0.013801500201225281
; 10393; 0.013801500201225281
; 10403; 0.013801500201225281
; 10413; 0.013801500201225281
; 10423; 0.013801500201225281
; 10433; 0.013801500201225281
; 10443; 0.013801500201225281
; 10453; 0.013801500201225281
; 10463; 0.013801500201225281
; 10473; 0.013801500201225281
; 10483; 0.013801500201225281
; 10493; 0.013801500201225281
; 10503; 0.013801500201225281
; 10513; 0.013801500201225281
; 10523; 0.013801500201225281
; 10533; 0.013801500201225281
; 10543; 0.013801500201225281
; 10553; 0.013801500201225281
; 10563; 0.013801500201225281
; 10573; 0.013801500201225281
; 10583; 0.013801500201225281
; 10593; 0.013801500201225281
; 10603; 0.013801500201225281
; 10613; 0.013801500201225281
; 10623; 0.013801500201225281
; 10633; 0.013801500201225281
; 10643; 0.013801500201225281
; 10653; 0.013801500201225281
; 10663; 0.013801500201225281
; 10673; 0.013801500201225281
; 10683; 0.013801500201225281
; 10693; 0.013801500201225281
; 10703; 0.013801500201225281
; 10713; 0.013801500201225281
; 10723; 0.013801500201225281
; 10733; 0.013801500201225281
; 10743; 0.013801500201225281
; 10753; 0.013801500201225281
; 10763; 0.013801500201225281
; 10773; 0.013801500201225281
; 10783; 0.013801500201225281
; 10795; 0.013801500201225281
; 10804; 0.013801500201225281
; 10815; 0.013801500201225281
; 10825; 0.013801500201225281
; 10835; 0.013801500201225281
; 10845; 0.013801500201225281
; 10855; 0.013801500201225281
; 10865; 0.013801500201225281
; 10875; 0.013801500201225281
; 10885; 0.013801500201225281
; 10895; 0.013801500201225281
; 10905; 0.013801500201225281
; 10915; 0.013801500201225281
; 10925; 0.013801500201225281
; 10935; 0.013801500201225281
; 10945; 0.013801500201225281
; 10955; 0.013801500201225281
; 10965; 0.013801500201225281
; 10975; 0.013801500201225281
; 10985; 0.013801500201225281
; 10995; 0.013801500201225281
; 11005; 0.013801500201225281
; 11015; 0.013801500201225281
; 11025; 0.013801500201225281
; 11035; 0.013801500201225281
; 11045; 0.013801500201225281
; 11055; 0.013801500201225281
; 11065; 0.013801500201225281
; 11075; 0.013801500201225281
; 11085; 0.013801500201225281
; 11095; 0.013801500201225281
; 11105; 0.013801500201225281
; 11115; 0.013801500201225281
; 11125; 0.013801500201225281
; 11135; 0.013801500201225281
; 11145; 0.013801500201225281
; 11155; 0.013801500201225281
; 11165; 0.013801500201225281
; 11175; 0.013801500201225281
; 11185; 0.013801500201225281
; 11195; 0.013801500201225281
; 11205; 0.013801500201225281
; 11215; 0.013801500201225281
; 11225; 0.013801500201225281
; 11235; 0.013801500201225281
; 11245; 0.013801500201225281
; 11255; 0.013801500201225281
; 11265; 0.013801500201225281
; 11275; 0.013801500201225281
; 11285; 0.013801500201225281
; 11295; 0.013801500201225281
; 11305; 0.013801500201225281
; 11315; 0.013801500201225281
; 11325; 0.013801500201225281
; 11335; 0.013801500201225281
; 11345; 0.013801500201225281
; 11355; 0.013801500201225281
; 11365; 0.013801500201225281
; 11375; 0.013801500201225281
; 11385; 0.013801500201225281
; 11395; 0.013801500201225281
; 11405; 0.013801500201225281
; 11415; 0.013801500201225281
; 11425; 0.013801500201225281
; 11435; 0.013801500201225281
; 11445; 0.013801500201225281
; 11455; 0.013801500201225281
; 11465; 0.013801500201225281
; 11475; 0.013801500201225281
; 11485; 0.013801500201225281
; 11495; 0.013801500201225281
; 11505; 0.013801500201225281
; 11515; 0.013801500201225281
; 11525; 0.013801500201225281
; 11536; 0.013801500201225281
; 11546; 0.013801500201225281
; 11556; 0.013801500201225281
; 11566; 0.013801500201225281
; 11576; 0.013801500201225281
; 11586; 0.013801500201225281
; 11596; 0.013801500201225281
; 11606; 0.013801500201225281
; 11616; 0.013801500201225281
; 11626; 0.013801500201225281
; 11636; 0.013801500201225281
; 11646; 0.013801500201225281
; 11656; 0.013801500201225281
; 11666; 0.013801500201225281
; 11676; 0.013801500201225281
; 11686; 0.013801500201225281
; 11696; 0.013801500201225281
; 11706; 0.013801500201225281
; 11716; 0.013801500201225281
; 11726; 0.013801500201225281
; 11736; 0.013801500201225281
; 11746; 0.013801500201225281
; 11756; 0.013801500201225281
; 11766; 0.013801500201225281
; 11776; 0.013801500201225281
; 11786; 0.013801500201225281
; 11796; 0.013801500201225281
; 11806; 0.013801500201225281
; 11816; 0.013801500201225281
; 11826; 0.013801500201225281
; 11836; 0.013801500201225281
; 11846; 0.013801500201225281
; 11857; 0.013801500201225281
; 11867; 0.013801500201225281
; 11877; 0.013801500201225281
; 11887; 0.013801500201225281
; 11897; 0.013801500201225281
; 11907; 0.013801500201225281
; 11917; 0.013801500201225281
; 11927; 0.013801500201225281
; 11937; 0.013801500201225281
; 11947; 0.013801500201225281
; 11957; 0.013801500201225281
; 11967; 0.013801500201225281
; 11977; 0.013801500201225281
; 11987; 0.013801500201225281
; 11997; 0.013801500201225281
; 12007; 0.013801500201225281
; 12017; 0.013801500201225281
; 12027; 0.013801500201225281
; 12037; 0.013801500201225281
; 12047; 0.013801500201225281
; 12057; 0.013801500201225281
; 12067; 0.013801500201225281
; 12077; 0.013801500201225281
; 12087; 0.013801500201225281
; 12097; 0.013801500201225281
; 12107; 0.013801500201225281
; 12117; 0.013801500201225281
; 12127; 0.013801500201225281
; 12137; 0.013801500201225281
; 12147; 0.013801500201225281
; 12157; 0.013801500201225281
; 12167; 0.013801500201225281
; 12177; 0.013801500201225281
; 12187; 0.013801500201225281
; 12197; 0.013801500201225281
; 12207; 0.013801500201225281
1.Variable; PLC_PRG.FilterInput
1.Address.AddrFlags; 0x00000000
1.Class; 14
1.Size; 4
1.GraphColor; 4278190335
1.GraphType; 4
1.MinWarningColor; 4278190080
1.MaxWarningColor; 4294901760
1.CriticalLowerLimit; 0
1.CriticalUpperLimit; 0
1.ActivateMinWarning; 0
1.ActivateMaxWarning; 0
1.YAxis; 0
1.Data; 
; 8; 0
; 18; 0
; 28; 0
; 38; 0
; 48; 0
; 58; 0
; 68; 0
; 78; 0
; 88; 0
; 98; 0
; 108; 0
; 118; 0
; 128; 0
; 138; 0
; 148; 0
; 158; 0
; 168; 0
; 178; 0
; 188; 0
; 198; 0
; 208; 0
; 218; 0
; 228; 0
; 238; 0
; 248; 0
; 258; 0
; 268; 0
; 278; 0
; 288; 0
; 298; 0
; 308; 0
; 318; 0
; 328; 0
; 338; 0
; 348; 0
; 358; 0
; 368; 0
; 378; 0
; 388; 0
; 398; 0
; 408; 0
; 418; 0
; 428; 0
; 438; 0
; 448; 0
; 458; 0
; 468; 0
; 478; 0
; 488; 0
; 498; 0
; 508; 0
; 518; 0
; 528; 0
; 538; 0
; 548; 0
; 558; 0
; 568; 0
; 578; 0
; 588; 0
; 598; 0
; 608; 0
; 618; 0
; 628; 0
; 638; 0
; 648; 0
; 658; 0
; 668; 0
; 678; 0
; 688; 0
; 698; 0
; 708; 0
; 718; 0
; 728; 0
; 738; 0
; 748; 0
; 758; 0
; 768; 0
; 778; 0
; 788; 0
; 798; 0
; 808; 0
; 818; 0
; 828; 0
; 838; 0
; 848; 0
; 858; 0
; 868; 0
; 878; 0
; 888; 0
; 898; 0
; 908; 0
; 918; 0
; 928; 0
; 938; 0
; 948; 0
; 958; 0
; 968; 0
; 978; 0
; 988; 0
; 998; 0
; 1008; 0
; 1018; 0
; 1028; 0
; 1038; 0
; 1048; 0
; 1058; 0
; 1068; 0
; 1078; 0
; 1088; 0
; 1098; 0
; 1108; 0
; 1118; 0
; 1128; 0
; 1138; 0
; 1148; 0
; 1158; 0
; 1168; 0
; 1178; 0
; 1188; 0
; 1198; 0
; 1208; 0
; 1218; 0
; 1228; 0
; 1238; 0
; 1248; 0
; 1258; 0
; 1268; 0
; 1278; 0
; 1288; 0
; 1298; 0
; 1308; 0
; 1318; 0
; 1328; 0
; 1338; 0
; 1348; 0
; 1358; 0
; 1368; 0
; 1378; 0
; 1388; 0
; 1398; 0
; 1408; 0
; 1418; 0
; 1428; 0
; 1438; 0
; 1448; 0
; 1458; 0
; 1468; 0
; 1478; 0
; 1488; 0
; 1498; 0
; 1508; 0
; 1518; 0
; 1528; 0
; 1538; 0
; 1548; 0
; 1558; 0
; 1568; 0
; 1578; 0
; 1588; 0
; 1598; 0
; 1608; 0
; 1618; 0
; 1628; 0
; 1638; 0
; 1648; 0
; 1658; 0
; 1668; 0
; 1678; 0
; 1688; 0
; 1698; 0
; 1708; 0
; 1718; 0
; 1728; 0
; 1738; 0
; 1748; 0
; 1758; 0
; 1768; 0
; 1778; 0
; 1788; 0
; 1798; 0
; 1808; 0
; 1818; 0
; 1828; 0
; 1838; 0
; 1848; 0
; 1858; 0
; 1868; 0
; 1878; 0
; 1889; 0
; 1899; 0
; 1909; 0
; 1919; 0
; 1929; 0
; 1939; 0
; 1949; 0
; 1959; 0
; 1969; 0
; 1979; 0
; 1989; 0
; 1999; 0
; 2009; 0
; 2019; 0
; 2029; 0
; 2039; 0
; 2049; 0
; 2059; 0
; 2069; 0
; 2079; 0
; 2089; 0
; 2099; 0
; 2109; 0
; 2119; 0
; 2129; 0
; 2139; 0
; 2149; 0
; 2159; 0
; 2169; 0
; 2179; 0
; 2189; 0
; 2199; 0
; 2209; 0
; 2219; 0
; 2229; 0
; 2239; 0
; 2249; 0
; 2259; 0
; 2269; 0
; 2280; 0
; 2289; 0
; 2299; 0
; 2310; 0
; 2320; 0
; 2330; 0
; 2340; 0
; 2350; 0
; 2360; 0
; 2370; 0
; 2380; 0
; 2390; 0
; 2400; 0
; 2410; 0
; 2420; 0
; 2430; 0
; 2440; 0
; 2450; 0
; 2460; 0
; 2470; 0
; 2480; 0
; 2490; 0
; 2500; 0
; 2511; 0
; 2521; 0
; 2531; 0
; 2541; 0
; 2551; 0
; 2561; 0
; 2571; 0
; 2581; 0
; 2591; 0.053766999393701553
; 2601; 0.18366199731826782
; 2611; -0.22533799707889557
; 2621; 0.087036997079849243
; 2631; 0.032970000058412552
; 2641; -0.12940199673175812
; 2651; -0.041719000786542892
; 2661; 0.036175999790430069
; 2671; 0.36002698540687561
; 2681; 0.27940401434898376
; 2691; -0.13225500285625458
; 2701; 0.30649900436401367
; 2711; 0.075820997357368469
; 2721; -0.0027520000003278255
; 2731; 0.075301997363567352
; 2741; -0.016395999118685722
; 2751; -0.00803999975323677
; 2761; 0.15361699461936951
; 2771; 0.14582400023937225
; 2781; 0.14691300690174103
; 2791; 0.072617001831531525
; 2801; -0.11500799655914307
; 2811; 0.077738001942634583
; 2821; 0.16931100189685822
; 2831; 0.055449999868869781
; 2841; 0.11030399799346924
; 2851; 0.079796001315116882
; 2861; -0.02296300046145916
; 2871; 0.037041999399662018
; 2881; -0.070799998939037323
; 2891; 0.097041003406047821
; 2901; -0.10623200237751007
; 2911; -0.089231997728347778
; 2921; -0.054113999009132385
; 2931; -0.2584109902381897
; 2941; 0.18903599679470062
; 2951; 0.086897999048233032
; 2961; -0.011934000067412853
; 2971; 0.20976999402046204
; 2981; -0.089230999350547791
; 2991; 0.080876998603343964
; 3001; 0.076137997210025787
; 3011; 0.14138400554656982
; 3021; 0.14993000030517578
; 3031; 0.041336998343467712
; 3041; 0.1340010017156601
; 3051; 0.12969900667667389
; 3061; 0.21813799440860748
; 3071; 0.27387499809265137
; 3081; 0.28465598821640015
; 3091; 0.096543997526168823
; 3101; 0.19982600212097168
; 3111; 0.07985900342464447
; 3121; 0.099101997911930084
; 3131; 0.21894800662994385
; 3141; 0.38207700848579407
; 3151; 0.16102799773216248
; 3161; 0.28431299328804016
; 3171; 0.23379699885845184
; 3181; 0.37727200984954834
; 3191; 0.16581100225448608
; 3201; 0.28715398907661438
; 3211; 0.3483319878578186
; 3221; 0.412321001291275
; 3231; 0.46586200594902039
; 3241; 0.32921499013900757
; 3251; 0.18064300715923309
; 3261; 0.26475301384925842
; 3271; 0.22364400327205658
; 3281; 0.555666983127594
; 3291; 0.24988000094890594
; 3301; 0.37706801295280457
; 3311; 0.27383700013160706
; 3321; 0.37275901436805725
; 3331; 0.1982329934835434
; 3341; 0.12531000375747681
; 3351; 0.11411800235509872
; 3361; 0.29599499702453613
; 3371; 0.2202569991350174
; 3381; 0.20920799672603607
; 3391; 0.36156401038169861
; 3401; 0.23961000144481659
; 3411; 0.22105200588703156
; 3421; 0.35085999965667725
; 3431; 0.102462999522686
; 3441; 0.2433910071849823
; 3451; 0.24805699288845062
; 3461; 0.13099600374698639
; 3471; 0.16775299608707428
; 3481; 0.020421000197529793
; 3491; 0.013030000030994415
; 3501; 0.12913200259208679
; 3511; 0.18168899416923523
; 3521; 0.35883200168609619
; 3531; 0.024413000792264938
; 3541; 0.1006539985537529
; 3551; 0.064490996301174164
; 3561; -0.12974299490451813
; 3571; 0.010482000187039375
; 3581; -0.13426999747753143
; 3591; 0.12005499750375748
; 3601; -0.061967000365257263
; 3611; 0.027665000408887863
; 3621; -0.045977998524904251
; 3631; 0.038642000406980515
; 3641; -0.051927000284194946
; 3651; 0.056917998939752579
; 3661; 0.0816740021109581
; 3672; 0.17874200642108917
; 3682; -0.0120430001989007
; 3692; -0.2066510021686554
; 3702; -0.076958000659942627
; 3712; 0.14227600395679474
; 3722; -0.10058300197124481
; 3732; 0.10254299640655518
; 3742; 0.018668999895453453
; 3752; 0.14974899590015411
; 3762; -0.1901949942111969
; 3772; -0.014058999717235565
; 3782; -0.11525800079107285
; 3792; 0.29614299535751343
; 3802; 0.087679997086524963
; 3812; 0.14287100732326508
; 3822; -0.10102800279855728
; 3832; -0.042256001383066177
; 3842; -0.022825000807642937
; 3852; 0.11407999694347382
; 3862; -0.023733999580144882
; 3872; 0.07402300089597702
; 3882; -0.20149700343608856
; 3892; -0.031885001808404922
; 3902; -0.079043000936508179
; 3912; -0.15457400679588318
; 3922; 0.053745001554489136
; 3932; 0.030961999669671059
; 3942; 0.0059270001947879791
; 3952; -0.13097299635410309
; 3962; 0.11495999991893768
; 3972; 0.037043999880552292
; 3982; -0.028063999488949776
; 3992; 0.0039470000192523
; 4002; -0.024725999683141708
; 4012; -0.17373199760913849
; 4022; -0.027459999546408653
; 4032; -0.08221600204706192
; 4042; -0.09718400239944458
; 4052; -0.11508700251579285
; 4062; -0.052987001836299896
; 4072; -0.20007899403572083
; 4082; 0.09642300009727478
; 4092; 0.025812000036239624
; 4102; -0.054391000419855118
; 4112; -0.082060001790523529
; 4122; -0.18459300696849823
; 4132; -0.02910199947655201
; 4142; -0.17048700153827667
; 4152; -0.25481200218200684
; 4162; -0.074414998292922974
; 4172; -0.2582240104675293
; 4182; -0.32084399461746216
; 4192; -0.31751099228858948
; 4202; -0.32140299677848816
; 4212; -0.29709801077842712
; 4222; 0.11904100328683853
; 4232; 0.08351600170135498
; 4242; 0.00024500000290572643
; 4252; -0.10469499975442886
; 4262; -0.014004000462591648
; 4272; 0.10641399770975113
; 4282; 0.25473499298095703
; 4292; 0.093918003141880035
; 4302; 0.045657001435756683
; 4312; 0.18525999784469604
; 4322; 0.41504600644111633
; 4332; 0.47235599160194397
; 4342; 0.52991402149200439
; 4352; 0.5232430100440979
; 4362; 0.60616600513458252
; 4372; 0.59170699119567871
; 4382; 0.77705001831054688
; 4392; 0.606203019618988
; 4402; 0.8394010066986084
; 4412; 0.76055300235748291
; 4422; 0.8634600043296814
; 4432; 1.0037529468536377
; 4442; 1.1039090156555176
; 4452; 0.81467700004577637
; 4462; 0.9789469838142395
; 4472; 0.84533601999282837
; 4482; 0.69897598028182983
; 4492; 0.612680971622467
; 4502; 0.53688299655914307
; 4512; 0.45477399230003357
; 4522; 0.41383001208305359
; 4532; 0.34309500455856323
; 4542; 0.347012996673584
; 4552; 0.34354498982429504
; 4562; 0.16398000717163086
; 4572; 0.022756999358534813
; 4582; 0.03268900141119957
; 4592; -0.085066996514797211
; 4602; -0.27992600202560425
; 4612; -0.15558600425720215
; 4622; -0.29336199164390564
; 4632; -0.38411000370979309
; 4642; -0.4196619987487793
; 4652; -0.51860499382019043
; 4662; -0.71245402097702026
; 4672; -0.70809799432754517
; 4682; -0.78002899885177612
; 4692; -0.89218401908874512
; 4702; -0.60085701942443848
; 4712; -0.78672498464584351
; 4722; -0.67761898040771484
; 4732; -0.63052201271057129
; 4742; -0.606827974319458
; 4752; -0.43871501088142395
; 4762; -0.37698298692703247
; 4772; -0.1266539990901947
; 4782; -0.23464800417423248
; 4792; -0.24625200033187866
; 4802; 0.090429998934268951
; 4812; 0.12346799671649933
; 4822; -0.022776000201702118
; 4832; -0.15024299919605255
; 4842; -0.043903999030590057
; 4852; -0.014848999679088593
; 4862; 0.028537999838590622
; 4872; -0.024999000132083893
; 4882; 0.045646000653505325
; 4892; 0.040679000318050385
; 4902; -0.12339200079441071
; 4912; -0.092933997511863708
; 4922; -0.072062000632286072
; 4932; -0.04854699969291687
; 4942; -0.029635999351739883
; 4952; 0.0038540000095963478
; 4962; -0.30012398958206177
; 4972; -0.04272099956870079
; 4982; 0.12741099298000336
; 4992; -0.1033179983496666
; 5002; 0.096911996603012085
; 5012; 0.038757000118494034
; 5022; 0.0010110000148415565
; 5032; 0.022343000397086143
; 5042; -0.15222199261188507
; 5052; -0.0039840000681579113
; 5062; 0.16505099833011627
; 5072; 0.014677000232040882
; 5082; 0.0091660004109144211
; 5092; -0.068201996386051178
; 5102; 0.0023199999704957008
; 5112; 0.028821999207139015
; 5122; 0.048413001000881195
; 5132; -0.031321000307798386
; 5142; -0.017498999834060669
; 5152; 0.20870199799537659
; 5162; -0.21931600570678711
; 5172; 0.22965000569820404
; 5182; 0.040647998452186584
; 5192; 0.1070839986205101
; 5202; -0.15915299952030182
; 5212; -0.051552999764680862
; 5222; -0.020169999450445175
; 5232; 0.050094000995159149
; 5242; -0.15901100635528564
; 5252; 0.055358998477458954
; 5262; -0.11290299892425537
; 5272; 0.015186999924480915
; 5282; 0.073990002274513245
; 5292; 0.041645999997854233
; 5302; 0.11738999933004379
; 5312; 0.10992000252008438
; 5322; -0.055592000484466553
; 5332; 0.035390999168157578
; 5342; -0.084565997123718262
; 5352; -0.12212099879980087
; 5362; 0.1027270033955574
; 5372; 0.010435000061988831
; 5382; 0.0051250001415610313
; 5392; 0.10191500186920166
; 5402; 0.070446997880935669
; 5412; 0.046195000410079956
; 5422; 0.13638700544834137
; 5432; 0.10452699661254883
; 5442; 0.03570999950170517
; 5452; -0.057116001844406128
; 5462; -0.0530490018427372
; 5472; 0.13150300085544586
; 5482; -0.14870400726795197
; 5492; 0.010219000279903412
; 5502; -0.1820330023765564
; 5512; 0.11508800089359283
; 5523; 0.0993959978222847
; 5533; 0.013527000322937965
; 5543; 0.0065130000002682209
; 5553; -0.23484599590301514
; 5563; 0.072085998952388763
; 5573; -0.20508800446987152
; 5583; -0.21758599579334259
; 5593; 0.0225210003554821
; 5603; -0.080133996903896332
; 5613; 0.056049000471830368
; 5623; 0.082783997058868408
; 5633; 0.10104600340127945
; 5643; -0.05365699902176857
; 5653; 0.060582999140024185
; 5663; 0.025894999504089355
; 5673; 0.098624996840953827
; 5683; 0.069820001721382141
; 5693; 0.10617899894714355
; 5703; 0.0033829999156296253
; 5713; 0.00204299995675683
; 5723; 0.11772599816322327
; 5733; -0.19094400107860565
; 5743; -0.024563999846577644
; 5753; -0.096692003309726715
; 5763; -0.003418999956920743
; 5773; 0.10418099910020828
; 5783; 0.12635800242424011
; 5793; -0.053236000239849091
; 5803; 0.0056239999830722809
; 5813; 0.070905998349189758
; 5823; 0.032490000128746033
; 5833; 0.096331000328063965
; 5843; 0.11061500012874603
; 5853; -0.01790199987590313
; 5863; 0.061884000897407532
; 5873; -0.1291700005531311
; 5883; 0.20304800570011139
; 5893; 0.030076000839471817
; 5903; -0.022926999256014824
; 5913; 0.076535999774932861
; 5923; -0.036462001502513885
; 5933; 0.10879000276327133
; 5943; 0.059282001107931137
; 5953; 0.3375990092754364
; 5963; 0.23814000189304352
; 5973; -0.12092199921607971
; 5983; 0.17737199366092682
; 5993; -0.0021019999403506517
; 6003; 0.11667899787425995
; 6013; 0.16309800744056702
; 6023; 0.22590300440788269
; 6033; 0.12829799950122833
; 6043; 0.31770500540733337
; 6053; 0.11645399779081345
; 6063; 0.20177200436592102
; 6073; 0.23996700346469879
; 6083; 0.18648500740528107
; 6093; 0.261588990688324
; 6103; 0.20134200155735016
; 6113; 0.086133003234863281
; 6123; -0.020462000742554665
; 6133; 0.34146198630332947
; 6143; 0.09067700058221817
; 6153; 0.15699300169944763
; 6163; 0.19850100576877594
; 6173; 0.14907200634479523
; 6183; 0.0427669994533062
; 6193; 0.081995002925395966
; 6203; 0.11180499941110611
; 6213; 0.26771700382232666
; 6223; 0.029267000034451485
; 6233; 0.18934300541877747
; 6243; 0.13726499676704407
; 6253; 0.0785439983010292
; 6263; -0.00824000034481287
; 6273; 0.064571000635623932
; 6283; 0.079842999577522278
; 6293; -0.06289999932050705
; 6303; 0.098784998059272766
; 6313; -0.007135000079870224
; 6323; 0.061197001487016678
; 6333; 0.099770002067089081
; 6343; -0.02878900058567524
; 6353; 0.028378000482916832
; 6363; 0.087737001478672028
; 6373; -0.13532799482345581
; 6383; 0.14738300442695618
; 6393; 0.28175899386405945
; 6403; 0.13077999651432037
; 6413; -0.0012100000167265534
; 6423; 0.068756997585296631
; 6433; -0.082176998257637024
; 6443; 0.20473599433898926
; 6453; 0.11021199822425842
; 6463; 0.094070002436637878
; 6473; -0.073059998452663422
; 6483; 0.045715998858213425
; 6493; -0.042915999889373779
; 6503; -0.019036000594496727
; 6513; -0.045701999217271805
; 6523; -0.09208100289106369
; 6533; -0.081188999116420746
; 6543; -0.012112000025808811
; 6553; -0.16181500256061554
; 6563; 0.068024002015590668
; 6573; -0.0053229997865855694
; 6583; 0.075566001236438751
; 6593; 0.031807001680135727
; 6603; 0.053463999181985855
; 6613; -0.14508399367332458
; 6623; -0.0996050015091896
; 6633; -0.0430850014090538
; 6643; 0.011772999539971352
; 6653; 0.11287400126457214
; 6663; -0.028996000066399574
; 6673; 0.12615500390529633
; 6683; 0.047541998326778412
; 6693; 0.11741200089454651
; 6703; 0.012694999575614929
; 6713; -0.065682001411914825
; 6723; -0.14813999831676483
; 6733; 0.015549000352621078
; 6743; 0.08185499906539917
; 6755; -0.029258999973535538
; 6765; -0.054078999906778336
; 6775; -0.03086400032043457
; 6785; -0.10965900123119354
; 6795; -0.049300998449325562
; 6805; -0.018074000254273415
; 6815; 0.00458399998024106
; 6825; -0.0063780001364648342
; 6835; 0.06113399937748909
; 6845; 0.010932000353932381
; 6855; 0.18140199780464172
; 6865; 0.031201999634504318
; 6875; 0.1804489940404892
; 6885; -0.072311997413635254
; 6895; 0.052655000239610672
; 6905; -0.026024999096989632
; 6915; 0.060013998299837112
; 6925; 0.059392999857664108
; 6935; -0.21860200166702271
; 6945; -0.1327040046453476
; 6955; -0.14410099387168884
; 6965; 0.040183998644351959
; 6975; 0.14701999723911285
; 6985; -0.032680999487638474
; 6995; 0.0812319964170456
; 7005; 0.054554000496864319
; 7015; -0.10516300052404404
; 7025; 0.039746999740600586
; 7035; -0.0751890018582344
; 7045; 0.15162700414657593
; 7055; -0.0032569998875260353
; 7065; 0.16359999775886536
; 7075; -0.042505998164415359
; 7085; 0.0589429996907711
; 7095; -0.0062790000811219215
; 7105; -0.20219600200653076
; 7115; -0.09821300208568573
; 7125; 0.061250999569892883
; 7135; -0.0054890001192688942
; 7145; -0.11187300086021423
; 7155; -0.062637999653816223
; 7165; 0.024952000007033348
; 7175; -0.099302001297473907
; 7185; 0.097494997084140778
; 7195; -0.064070999622344971
; 7205; 0.18088600039482117
; 7215; -0.10798700153827667
; 7225; 0.019919000566005707
; 7235; -0.1521030068397522
; 7246; -0.0723629966378212
; 7256; -0.059324998408555984
; 7266; 0.0401340015232563
; 7276; 0.094213001430034637
; 7286; 0.030048999935388565
; 7296; -0.037307001650333405
; 7306; 0.081549003720283508
; 7316; 0.079888999462127686
; 7326; 0.012020999565720558
; 7336; 0.057124998420476913
; 7346; 0.041280001401901245
; 7356; -0.098696000874042511
; 7366; 0.075957000255584717
; 7376; -0.065719999372959137
; 7386; -0.060391999781131744
; 7396; 0.017695000395178795
; 7406; -0.030750000849366188
; 7416; -0.013182000257074833
; 7426; 0.059535998851060867
; 7436; 0.10468299686908722
; 7446; -0.019796000793576241
; 7456; 0.032767999917268753
; 7466; -0.023830000311136246
; 7476; 0.022959999740123749
; 7486; 0.043999999761581421
; 7496; -0.061687000095844269
; 7506; 0.027483999729156494
; 7516; 0.060109999030828476
; 7526; 0.00923100020736456
; 7536; 0.17298400402069092
; 7546; -0.06085599958896637
; 7556; -0.0737060010433197
; 7566; -0.17498800158500671
; 7576; 0.091048002243041992
; 7586; 0.086708001792430878
; 7596; 0.086708001792430878
; 7606; 0.086708001792430878
; 7616; 0.086708001792430878
; 7626; 0.086708001792430878
; 7636; 0.086708001792430878
; 7646; 0.086708001792430878
; 7656; 0.086708001792430878
; 7666; 0.086708001792430878
; 7676; 0.086708001792430878
; 7686; 0.086708001792430878
; 7696; 0.086708001792430878
; 7706; 0.086708001792430878
; 7716; 0.086708001792430878
; 7726; 0.086708001792430878
; 7736; 0.086708001792430878
; 7746; 0.086708001792430878
; 7756; 0.086708001792430878
; 7766; 0.086708001792430878
; 7776; 0.086708001792430878
; 7786; 0.086708001792430878
; 7796; 0.086708001792430878
; 7806; 0.086708001792430878
; 7816; 0.086708001792430878
; 7826; 0.086708001792430878
; 7836; 0.086708001792430878
; 7846; 0.086708001792430878
; 7856; 0.086708001792430878
; 7866; 0.086708001792430878
; 7876; 0.086708001792430878
; 7886; 0.086708001792430878
; 7896; 0.086708001792430878
; 7906; 0.086708001792430878
; 7916; 0.086708001792430878
; 7926; 0.086708001792430878
; 7936; 0.086708001792430878
; 7946; 0.086708001792430878
; 7956; 0.086708001792430878
; 7966; 0.086708001792430878
; 7977; 0.086708001792430878
; 7987; 0.086708001792430878
; 7997; 0.086708001792430878
; 8007; 0.086708001792430878
; 8017; 0.086708001792430878
; 8027; 0.086708001792430878
; 8037; 0.086708001792430878
; 8047; 0.086708001792430878
; 8057; 0.086708001792430878
; 8067; 0.086708001792430878
; 8077; 0.086708001792430878
; 8087; 0.086708001792430878
; 8097; 0.086708001792430878
; 8107; 0.086708001792430878
; 8117; 0.086708001792430878
; 8127; 0.086708001792430878
; 8137; 0.086708001792430878
; 8147; 0.086708001792430878
; 8157; 0.086708001792430878
; 8167; 0.086708001792430878
; 8177; 0.086708001792430878
; 8187; 0.086708001792430878
; 8197; 0.086708001792430878
; 8207; 0.086708001792430878
; 8217; 0.086708001792430878
; 8227; 0.086708001792430878
; 8237; 0.086708001792430878
; 8247; 0.086708001792430878
; 8257; 0.086708001792430878
; 8267; 0.086708001792430878
; 8279; 0.086708001792430878
; 8289; 0.086708001792430878
; 8299; 0.086708001792430878
; 8309; 0.086708001792430878
; 8319; 0.086708001792430878
; 8329; 0.086708001792430878
; 8339; 0.086708001792430878
; 8349; 0.086708001792430878
; 8359; 0.086708001792430878
; 8369; 0.086708001792430878
; 8379; 0.086708001792430878
; 8389; 0.086708001792430878
; 8399; 0.086708001792430878
; 8409; 0.086708001792430878
; 8419; 0.086708001792430878
; 8429; 0.086708001792430878
; 8439; 0.086708001792430878
; 8449; 0.086708001792430878
; 8459; 0.086708001792430878
; 8469; 0.086708001792430878
; 8479; 0.086708001792430878
; 8489; 0.086708001792430878
; 8499; 0.086708001792430878
; 8509; 0.086708001792430878
; 8519; 0.086708001792430878
; 8529; 0.086708001792430878
; 8539; 0.086708001792430878
; 8549; 0.086708001792430878
; 8559; 0.086708001792430878
; 8569; 0.086708001792430878
; 8579; 0.086708001792430878
; 8589; 0.086708001792430878
; 8599; 0.086708001792430878
; 8609; 0.086708001792430878
; 8619; 0.086708001792430878
; 8629; 0.086708001792430878
; 8639; 0.086708001792430878
; 8649; 0.086708001792430878
; 8659; 0.086708001792430878
; 8669; 0.086708001792430878
; 8680; 0.086708001792430878
; 8690; 0.086708001792430878
; 8700; 0.086708001792430878
; 8710; 0.086708001792430878
; 8720; 0.086708001792430878
; 8730; 0.086708001792430878
; 8740; 0.086708001792430878
; 8750; 0.086708001792430878
; 8760; 0.086708001792430878
; 8770; 0.086708001792430878
; 8780; 0.086708001792430878
; 8790; 0.086708001792430878
; 8800; 0.086708001792430878
; 8810; 0.086708001792430878
; 8820; 0.086708001792430878
; 8830; 0.086708001792430878
; 8840; 0.086708001792430878
; 8850; 0.086708001792430878
; 8860; 0.086708001792430878
; 8870; 0.086708001792430878
; 8880; 0.086708001792430878
; 8890; 0.086708001792430878
; 8900; 0.086708001792430878
; 8910; 0.086708001792430878
; 8920; 0.086708001792430878
; 8930; 0.086708001792430878
; 8940; 0.086708001792430878
; 8950; 0.086708001792430878
; 8960; 0.086708001792430878
; 8970; 0.086708001792430878
; 8980; 0.086708001792430878
; 8990; 0.086708001792430878
; 9000; 0.086708001792430878
; 9010; 0.086708001792430878
; 9020; 0.086708001792430878
; 9030; 0.086708001792430878
; 9040; 0.086708001792430878
; 9050; 0.086708001792430878
; 9060; 0.086708001792430878
; 9070; 0.086708001792430878
; 9080; 0.086708001792430878
; 9090; 0.086708001792430878
; 9100; 0.086708001792430878
; 9112; 0.086708001792430878
; 9122; 0.086708001792430878
; 9132; 0.086708001792430878
; 9142; 0.086708001792430878
; 9152; 0.086708001792430878
; 9162; 0.086708001792430878
; 9172; 0.086708001792430878
; 9182; 0.086708001792430878
; 9192; 0.086708001792430878
; 9202; 0.086708001792430878
; 9212; 0.086708001792430878
; 9222; 0.086708001792430878
; 9232; 0.086708001792430878
; 9242; 0.086708001792430878
; 9252; 0.086708001792430878
; 9262; 0.086708001792430878
; 9272; 0.086708001792430878
; 9282; 0.086708001792430878
; 9292; 0.086708001792430878
; 9302; 0.086708001792430878
; 9312; 0.086708001792430878
; 9322; 0.086708001792430878
; 9332; 0.086708001792430878
; 9342; 0.086708001792430878
; 9352; 0.086708001792430878
; 9362; 0.086708001792430878
; 9372; 0.086708001792430878
; 9382; 0.086708001792430878
; 9392; 0.086708001792430878
; 9402; 0.086708001792430878
; 9412; 0.086708001792430878
; 9422; 0.086708001792430878
; 9432; 0.086708001792430878
; 9442; 0.086708001792430878
; 9452; 0.086708001792430878
; 9462; 0.086708001792430878
; 9472; 0.086708001792430878
; 9482; 0.086708001792430878
; 9492; 0.086708001792430878
; 9502; 0.086708001792430878
; 9512; 0.086708001792430878
; 9522; 0.086708001792430878
; 9532; 0.086708001792430878
; 9542; 0.086708001792430878
; 9552; 0.086708001792430878
; 9562; 0.086708001792430878
; 9572; 0.086708001792430878
; 9582; 0.086708001792430878
; 9592; 0.086708001792430878
; 9602; 0.086708001792430878
; 9612; 0.086708001792430878
; 9622; 0.086708001792430878
; 9632; 0.086708001792430878
; 9642; 0.086708001792430878
; 9652; 0.086708001792430878
; 9662; 0.086708001792430878
; 9672; 0.086708001792430878
; 9682; 0.086708001792430878
; 9692; 0.086708001792430878
; 9702; 0.086708001792430878
; 9712; 0.086708001792430878
; 9722; 0.086708001792430878
; 9732; 0.086708001792430878
; 9742; 0.086708001792430878
; 9752; 0.086708001792430878
; 9762; 0.086708001792430878
; 9772; 0.086708001792430878
; 9782; 0.086708001792430878
; 9792; 0.086708001792430878
; 9802; 0.086708001792430878
; 9812; 0.086708001792430878
; 9822; 0.086708001792430878
; 9832; 0.086708001792430878
; 9842; 0.086708001792430878
; 9852; 0.086708001792430878
; 9862; 0.086708001792430878
; 9872; 0.086708001792430878
; 9882; 0.086708001792430878
; 9892; 0.086708001792430878
; 9902; 0.086708001792430878
; 9912; 0.086708001792430878
; 9922; 0.086708001792430878
; 9932; 0.086708001792430878
; 9942; 0.086708001792430878
; 9952; 0.086708001792430878
; 9962; 0.086708001792430878
; 9972; 0.086708001792430878
; 9982; 0.086708001792430878
; 9992; 0.086708001792430878
; 10002; 0.086708001792430878
; 10012; 0.086708001792430878
; 10022; 0.086708001792430878
; 10032; 0.086708001792430878
; 10042; 0.086708001792430878
; 10052; 0.086708001792430878
; 10062; 0.086708001792430878
; 10072; 0.086708001792430878
; 10082; 0.086708001792430878
; 10092; 0.086708001792430878
; 10102; 0.086708001792430878
; 10112; 0.086708001792430878
; 10122; 0.086708001792430878
; 10132; 0.086708001792430878
; 10143; 0.086708001792430878
; 10153; 0.086708001792430878
; 10163; 0.086708001792430878
; 10173; 0.086708001792430878
; 10183; 0.086708001792430878
; 10193; 0.086708001792430878
; 10203; 0.086708001792430878
; 10213; 0.086708001792430878
; 10223; 0.086708001792430878
; 10233; 0.086708001792430878
; 10243; 0.086708001792430878
; 10253; 0.086708001792430878
; 10263; 0.086708001792430878
; 10273; 0.086708001792430878
; 10283; 0.086708001792430878
; 10293; 0.086708001792430878
; 10303; 0.086708001792430878
; 10313; 0.086708001792430878
; 10323; 0.086708001792430878
; 10333; 0.086708001792430878
; 10343; 0.086708001792430878
; 10353; 0.086708001792430878
; 10363; 0.086708001792430878
; 10373; 0.086708001792430878
; 10383; 0.086708001792430878
; 10393; 0.086708001792430878
; 10403; 0.086708001792430878
; 10413; 0.086708001792430878
; 10423; 0.086708001792430878
; 10433; 0.086708001792430878
; 10443; 0.086708001792430878
; 10453; 0.086708001792430878
; 10463; 0.086708001792430878
; 10473; 0.086708001792430878
; 10483; 0.086708001792430878
; 10493; 0.086708001792430878
; 10503; 0.086708001792430878
; 10513; 0.086708001792430878
; 10523; 0.086708001792430878
; 10533; 0.086708001792430878
; 10543; 0.086708001792430878
; 10553; 0.086708001792430878
; 10563; 0.086708001792430878
; 10573; 0.086708001792430878
; 10583; 0.086708001792430878
; 10593; 0.086708001792430878
; 10603; 0.086708001792430878
; 10613; 0.086708001792430878
; 10623; 0.086708001792430878
; 10633; 0.086708001792430878
; 10643; 0.086708001792430878
; 10653; 0.086708001792430878
; 10663; 0.086708001792430878
; 10673; 0.086708001792430878
; 10683; 0.086708001792430878
; 10693; 0.086708001792430878
; 10703; 0.086708001792430878
; 10713; 0.086708001792430878
; 10723; 0.086708001792430878
; 10733; 0.086708001792430878
; 10743; 0.086708001792430878
; 10753; 0.086708001792430878
; 10763; 0.086708001792430878
; 10773; 0.086708001792430878
; 10783; 0.086708001792430878
; 10795; 0.086708001792430878
; 10804; 0.086708001792430878
; 10815; 0.086708001792430878
; 10825; 0.086708001792430878
; 10835; 0.086708001792430878
; 10845; 0.086708001792430878
; 10855; 0.086708001792430878
; 10865; 0.086708001792430878
; 10875; 0.086708001792430878
; 10885; 0.086708001792430878
; 10895; 0.086708001792430878
; 10905; 0.086708001792430878
; 10915; 0.086708001792430878
; 10925; 0.086708001792430878
; 10935; 0.086708001792430878
; 10945; 0.086708001792430878
; 10955; 0.086708001792430878
; 10965; 0.086708001792430878
; 10975; 0.086708001792430878
; 10985; 0.086708001792430878
; 10995; 0.086708001792430878
; 11005; 0.086708001792430878
; 11015; 0.086708001792430878
; 11025; 0.086708001792430878
; 11035; 0.086708001792430878
; 11045; 0.086708001792430878
; 11055; 0.086708001792430878
; 11065; 0.086708001792430878
; 11075; 0.086708001792430878
; 11085; 0.086708001792430878
; 11095; 0.086708001792430878
; 11105; 0.086708001792430878
; 11115; 0.086708001792430878
; 11125; 0.086708001792430878
; 11135; 0.086708001792430878
; 11145; 0.086708001792430878
; 11155; 0.086708001792430878
; 11165; 0.086708001792430878
; 11175; 0.086708001792430878
; 11185; 0.086708001792430878
; 11195; 0.086708001792430878
; 11205; 0.086708001792430878
; 11215; 0.086708001792430878
; 11225; 0.086708001792430878
; 11235; 0.086708001792430878
; 11245; 0.086708001792430878
; 11255; 0.086708001792430878
; 11265; 0.086708001792430878
; 11275; 0.086708001792430878
; 11285; 0.086708001792430878
; 11295; 0.086708001792430878
; 11305; 0.086708001792430878
; 11315; 0.086708001792430878
; 11325; 0.086708001792430878
; 11335; 0.086708001792430878
; 11345; 0.086708001792430878
; 11355; 0.086708001792430878
; 11365; 0.086708001792430878
; 11375; 0.086708001792430878
; 11385; 0.086708001792430878
; 11395; 0.086708001792430878
; 11405; 0.086708001792430878
; 11415; 0.086708001792430878
; 11425; 0.086708001792430878
; 11435; 0.086708001792430878
; 11445; 0.086708001792430878
; 11455; 0.086708001792430878
; 11465; 0.086708001792430878
; 11475; 0.086708001792430878
; 11485; 0.086708001792430878
; 11495; 0.086708001792430878
; 11505; 0.086708001792430878
; 11515; 0.086708001792430878
; 11525; 0.086708001792430878
; 11536; 0.086708001792430878
; 11546; 0.086708001792430878
; 11556; 0.086708001792430878
; 11566; 0.086708001792430878
; 11576; 0.086708001792430878
; 11586; 0.086708001792430878
; 11596; 0.086708001792430878
; 11606; 0.086708001792430878
; 11616; 0.086708001792430878
; 11626; 0.086708001792430878
; 11636; 0.086708001792430878
; 11646; 0.086708001792430878
; 11656; 0.086708001792430878
; 11666; 0.086708001792430878
; 11676; 0.086708001792430878
; 11686; 0.086708001792430878
; 11696; 0.086708001792430878
; 11706; 0.086708001792430878
; 11716; 0.086708001792430878
; 11726; 0.086708001792430878
; 11736; 0.086708001792430878
; 11746; 0.086708001792430878
; 11756; 0.086708001792430878
; 11766; 0.086708001792430878
; 11776; 0.086708001792430878
; 11786; 0.086708001792430878
; 11796; 0.086708001792430878
; 11806; 0.086708001792430878
; 11816; 0.086708001792430878
; 11826; 0.086708001792430878
; 11836; 0.086708001792430878
; 11846; 0.086708001792430878
; 11857; 0.086708001792430878
; 11867; 0.086708001792430878
; 11877; 0.086708001792430878
; 11887; 0.086708001792430878
; 11897; 0.086708001792430878
; 11907; 0.086708001792430878
; 11917; 0.086708001792430878
; 11927; 0.086708001792430878
; 11937; 0.086708001792430878
; 11947; 0.086708001792430878
; 11957; 0.086708001792430878
; 11967; 0.086708001792430878
; 11977; 0.086708001792430878
; 11987; 0.086708001792430878
; 11997; 0.086708001792430878
; 12007; 0.086708001792430878
; 12017; 0.086708001792430878
; 12027; 0.086708001792430878
; 12037; 0.086708001792430878
; 12047; 0.086708001792430878
; 12057; 0.086708001792430878
; 12067; 0.086708001792430878
; 12077; 0.086708001792430878
; 12087; 0.086708001792430878
; 12097; 0.086708001792430878
; 12107; 0.086708001792430878
; 12117; 0.086708001792430878
; 12127; 0.086708001792430878
; 12137; 0.086708001792430878
; 12147; 0.086708001792430878
; 12157; 0.086708001792430878
; 12167; 0.086708001792430878
; 12177; 0.086708001792430878
; 12187; 0.086708001792430878
; 12197; 0.086708001792430878
; 12207; 0.086708001792430878
2.Variable; PLC_PRG.FiltFiltOutput
2.Address.AddrFlags; 0x00000000
2.Class; 14
2.Size; 4
2.GraphColor; 4278222848
2.GraphType; 4
2.MinWarningColor; 4278190080
2.MaxWarningColor; 4294901760
2.CriticalLowerLimit; 0
2.CriticalUpperLimit; 0
2.ActivateMinWarning; 0
2.ActivateMaxWarning; 0
2.YAxis; 0
2.Data; 
; 8; 0
; 18; 0
; 28; 0
; 38; 0
; 48; 0
; 58; 0
; 68; 0
; 78; 0
; 88; 0
; 98; 0
; 108; 0
; 118; 0
; 128; 0
; 138; 0
; 148; 0
; 158; 0
; 168; 0
; 178; 0
; 188; 0
; 198; 0
; 208; 0
; 218; 0
; 228; 0
; 238; 0
; 248; 0
; 258; 0
; 268; 0
; 278; 0
; 288; 0
; 298; 0
; 308; 0
; 318; 0
; 328; 0
; 338; 0
; 348; 0
; 358; 0
; 368; 0
; 378; 0
; 388; 0
; 398; 0
; 408; 0
; 418; 0
; 428; 0
; 438; 0
; 448; 0
; 458; 0
; 468; 0
; 478; 0
; 488; 0
; 498; 0
; 508; 0
; 518; 0
; 528; 0
; 538; 0
; 548; 0
; 558; 0
; 568; 0
; 578; 0
; 588; 0
; 598; 0
; 608; 0
; 618; 0
; 628; 0
; 638; 0
; 648; 0
; 658; 0
; 668; 0
; 678; 0
; 688; 0
; 698; 0
; 708; 0
; 718; 0
; 728; 0
; 738; 0
; 748; 0
; 758; 0
; 768; 0
; 778; 0
; 788; 0
; 798; 0
; 808; 0
; 818; 0
; 828; 0
; 838; 0
; 848; 0
; 858; 0
; 868; 0
; 878; 0
; 888; 0
; 898; 0
; 908; 0
; 918; 0
; 928; 0
; 938; 0
; 948; 0
; 958; 0
; 968; 0
; 978; 0
; 988; 0
; 998; 0
; 1008; 0
; 1018; 0
; 1028; 0
; 1038; 0
; 1048; 0
; 1058; 0
; 1068; 0
; 1078; 0
; 1088; 0
; 1098; 0
; 1108; 0
; 1118; 0
; 1128; 0
; 1138; 0
; 1148; 0
; 1158; 0
; 1168; 0
; 1178; 0
; 1188; 0
; 1198; 0
; 1208; 0
; 1218; 0
; 1228; 0
; 1238; 0
; 1248; 0
; 1258; 0
; 1268; 0
; 1278; 0
; 1288; 0
; 1298; 0
; 1308; 0
; 1318; 0
; 1328; 0
; 1338; 0
; 1348; 0
; 1358; 0
; 1368; 0
; 1378; 0
; 1388; 0
; 1398; 0
; 1408; 0
; 1418; 0
; 1428; 0
; 1438; 0
; 1448; 0
; 1458; 0
; 1468; 0
; 1478; 0
; 1488; 0
; 1498; 0
; 1508; 0
; 1518; 0
; 1528; 0
; 1538; 0
; 1548; 0
; 1558; 0
; 1568; 0
; 1578; 0
; 1588; 0
; 1598; 0
; 1608; 0
; 1618; 0
; 1628; 0
; 1638; 0
; 1648; 0
; 1658; 0
; 1668; 0
; 1678; 0
; 1688; 0
; 1698; 0
; 1708; 0
; 1718; 0
; 1728; 0
; 1738; 0
; 1748; 0
; 1758; 0
; 1768; 0
; 1778; 0
; 1788; 0
; 1798; 0
; 1808; 0
; 1818; 0
; 1828; 0
; 1838; 0
; 1848; 0
; 1858; 0
; 1868; 0
; 1878; 0
; 1889; 0
; 1899; 0
; 1909; 0
; 1919; 0
; 1929; 0
; 1939; 0
; 1949; 0
; 1959; 0
; 1969; 0
; 1979; 0
; 1989; 0
; 1999; 0
; 2009; 0
; 2019; 0
; 2029; 0
; 2039; 0
; 2049; 0
; 2059; 0
; 2069; 0
; 2079; 0
; 2089; 0
; 2099; 0
; 2109; 0
; 2119; 0
; 2129; 0
; 2139; 0
; 2149; 0
; 2159; 0
; 2169; 0
; 2179; 0
; 2189; 0
; 2199; 0
; 2209; 0
; 2219; 0
; 2229; 0
; 2239; 0
; 2249; 0
; 2259; 0
; 2269; 0
; 2280; 0
; 2289; 0
; 2299; 0
; 2310; 0
; 2320; 0
; 2330; 0
; 2340; 0
; 2350; 0
; 2360; 0
; 2370; 0
; 2380; 0
; 2390; 0
; 2400; 0
; 2410; 0
; 2420; 0
; 2430; 0
; 2440; 0
; 2450; 0
; 2460; 0
; 2470; 0
; 2480; 0
; 2490; 0
; 2500; 0
; 2511; 0
; 2521; 0
; 2531; 0
; 2541; 0
; 2551; 0
; 2561; 0
; 2571; 0
; 2581; 0
; 2591; 0.04355127364397049
; 2601; 0.043273184448480606
; 2611; 0.035474371165037155
; 2621; 0.035960894078016281
; 2631; 0.03695741668343544
; 2641; 0.039636373519897461
; 2651; 0.046402037143707275
; 2661; 0.054043080657720566
; 2671; 0.064208932220935822
; 2681; 0.067949138581752777
; 2691; 0.068097159266471863
; 2701; 0.074196040630340576
; 2711; 0.072637736797332764
; 2721; 0.069283299148082733
; 2731; 0.0670909732580185
; 2741; 0.063791707158088684
; 2751; 0.060957662761211395
; 2761; 0.059749223291873932
; 2771; 0.059866674244403839
; 2781; 0.059632055461406708
; 2791; 0.055507045239210129
; 2801; 0.052286684513092041
; 2811; 0.053095102310180664
; 2821; 0.051258925348520279
; 2831; 0.045897226780653
; 2841; 0.038721423596143723
; 2851; 0.026675034314393997
; 2861; 0.016459252685308456
; 2871; 0.009029952809214592
; 2881; 0.0022096002940088511
; 2891; -0.00037087866803631186
; 2901; -0.0069345696829259396
; 2911; -0.0097874682396650314
; 2921; -0.0084012392908334732
; 2931; -0.0039643887430429459
; 2941; 0.008243020623922348
; 2951; 0.017881041392683983
; 2961; 0.026891481131315231
; 2971; 0.037808012217283249
; 2981; 0.046002522110939026
; 2991; 0.059690814465284348
; 3001; 0.073545798659324646
; 3011; 0.085951156914234161
; 3021; 0.096985943615436554
; 3031; 0.1032366156578064
; 3041; 0.11154191941022873
; 3051; 0.12022566795349121
; 3061; 0.13001686334609985
; 3071; 0.13915328681468964
; 3081; 0.1447630375623703
; 3091; 0.14782638847827911
; 3101; 0.15349295735359192
; 3111; 0.15823498368263245
; 3121; 0.165750652551651
; 3131; 0.17518097162246704
; 3141; 0.18569555878639221
; 3151; 0.19452421367168427
; 3161; 0.20560583472251892
; 3171; 0.2155463695526123
; 3181; 0.22630505263805389
; 3191; 0.23272019624710083
; 3201; 0.24337403476238251
; 3211; 0.25158217549324036
; 3221; 0.25758537650108337
; 3231; 0.26027002930641174
; 3241; 0.26118579506874084
; 3251; 0.25910985469818115
; 3261; 0.25751730799674988
; 3271; 0.25410881638526917
; 3281; 0.25296014547348022
; 3291; 0.24455881118774414
; 3301; 0.23612350225448608
; 3311; 0.2272457629442215
; 3321; 0.21941061317920685
; 3331; 0.21098944544792175
; 3341; 0.20540432631969452
; 3351; 0.20014408230781555
; 3361; 0.19768291711807251
; 3371; 0.1940188854932785
; 3381; 0.19281631708145142
; 3391; 0.19160592555999756
; 3401; 0.18713915348052979
; 3411; 0.180748850107193
; 3421; 0.17495641112327576
; 3431; 0.16594597697257996
; 3441; 0.15972772240638733
; 3451; 0.15002694725990295
; 3461; 0.13933153450489044
; 3471; 0.12886366248130798
; 3481; 0.11583539843559265
; 3491; 0.10611917823553085
; 3501; 0.097195737063884735
; 3511; 0.089100740849971771
; 3521; 0.080260880291461945
; 3531; 0.065545670688152313
; 3541; 0.0523163303732872
; 3551; 0.039940901100635529
; 3561; 0.027066342532634735
; 3571; 0.019033350050449371
; 3581; 0.011811671778559685
; 3591; 0.0091931112110614777
; 3601; 0.0053443401120603085
; 3611; 0.0024852901697158813
; 3621; 0.0018916807603091002
; 3631; 0.0038845203816890717
; 3641; 0.0051052304916083813
; 3651; 0.0090348208323121071
; 3661; 0.010715311393141747
; 3672; 0.012364631518721581
; 3682; 0.0071944617666304111
; 3692; 0.0033251119311898947
; 3702; 0.0018165318761020899
; 3712; 0.0050851916894316673
; 3722; 0.0059253512881696224
; 3732; 0.010592300444841385
; 3742; 0.011678840965032578
; 3752; 0.01253862027078867
; 3762; 0.010991909541189671
; 3772; 0.01617731899023056
; 3782; 0.021286139264702797
; 3792; 0.027373839169740677
; 3802; 0.024754131212830544
; 3812; 0.021484728902578354
; 3822; 0.013561650179326534
; 3832; 0.0071388212963938713
; 3842; 0.0022852513939142227
; 3852; -0.00030470872297883034
; 3862; -0.0070189493708312511
; 3872; -0.014708830043673515
; 3882; -0.023882150650024414
; 3892; -0.025693660601973534
; 3902; -0.026271311566233635
; 3912; -0.023799922317266464
; 3922; -0.019494591280817986
; 3932; -0.018424041569232941
; 3942; -0.018475580960512161
; 3952; -0.0183270201086998
; 3962; -0.016768181696534157
; 3972; -0.017919180914759636
; 3982; -0.022355899214744568
; 3992; -0.028550980612635612
; 4002; -0.034651201218366623
; 4012; -0.04154452309012413
; 4022; -0.044969663023948669
; 4032; -0.048356581479310989
; 4042; -0.051885839551687241
; 4052; -0.05507216602563858
; 4062; -0.056512027978897095
; 4072; -0.059069827198982239
; 4082; -0.058650843799114227
; 4092; -0.06270308792591095
; 4102; -0.070727266371250153
; 4112; -0.082576051354408264
; 4122; -0.096272274851799011
; 4132; -0.11006978154182434
; 4142; -0.12306667119264603
; 4152; -0.13296952843666077
; 4162; -0.13830357789993286
; 4172; -0.1451970636844635
; 4182; -0.14610186219215393
; 4192; -0.13926753401756287
; 4202; -0.12407953292131424
; 4212; -0.10234489291906357
; 4222; -0.076057665050029755
; 4232; -0.050589684396982193
; 4242; -0.024346426129341125
; 4252; 0.0040673781186342239
; 4262; 0.0391300730407238
; 4272; 0.07712303102016449
; 4282; 0.11584092676639557
; 4292; 0.15220609307289124
; 4302; 0.19124935567378998
; 4312; 0.23247052729129791
; 4322; 0.27957093715667725
; 4332; 0.32681110501289368
; 4342; 0.37324121594429016
; 4352; 0.41806364059448242
; 4362; 0.46332022547721863
; 4372; 0.5056644082069397
; 4382; 0.548511266708374
; 4392; 0.58520966768264771
; 4402; 0.61723035573959351
; 4412; 0.640442430973053
; 4422; 0.65796267986297607
; 4432; 0.66748511791229248
; 4442; 0.66636985540390015
; 4452; 0.65183979272842407
; 4462; 0.63054800033569336
; 4472; 0.5990297794342041
; 4482; 0.56001526117324829
; 4492; 0.51331067085266113
; 4502; 0.46307340264320374
; 4512; 0.40885335206985474
; 4522; 0.35137316584587097
; 4532; 0.29409801959991455
; 4542; 0.2380664199590683
; 4552; 0.17940029501914978
; 4562; 0.11945610493421555
; 4572; 0.059499606490135193
; 4582; -0.0010468047112226486
; 4592; -0.0632011741399765
; 4602; -0.12608565390110016
; 4612; -0.18774572014808655
; 4622; -0.24816432595252991
; 4632; -0.30715200304985046
; 4642; -0.36176353693008423
; 4652; -0.41085159778594971
; 4662; -0.45399600267410278
; 4672; -0.48705095052719116
; 4682; -0.50938683748245239
; 4692; -0.518239438533783
; 4702; -0.51439404487609863
; 4712; -0.50254988670349121
; 4722; -0.47700056433677673
; 4732; -0.44050529599189758
; 4742; -0.39582395553588867
; 4752; -0.34569451212882996
; 4762; -0.29435434937477112
; 4772; -0.24270403385162354
; 4782; -0.19603550434112549
; 4792; -0.15384586155414581
; 4802; -0.11228328198194504
; 4812; -0.07998976856470108
; 4822; -0.05817573145031929
; 4832; -0.043140728026628494
; 4842; -0.031889773905277252
; 4852; -0.024633349850773811
; 4862; -0.0211461391299963
; 4872; -0.019457690417766571
; 4882; -0.022616978734731674
; 4892; -0.02957892045378685
; 4902; -0.035176031291484833
; 4912; -0.038103800266981125
; 4922; -0.038431532680988312
; 4932; -0.038432881236076355
; 4942; -0.03789222240447998
; 4952; -0.036683902144432068
; 4962; -0.036789499223232269
; 4972; -0.031182453036308289
; 4982; -0.022614011541008949
; 4992; -0.01604023203253746
; 5002; -0.008542349562048912
; 5012; -0.0045940694399178028
; 5022; -0.0021183500066399574
; 5032; 0.00013990027946420014
; 5042; 0.0021390605252236128
; 5052; 0.006907991599291563
; 5062; 0.0085803717374801636
; 5072; 0.0086115412414073944
; 5082; 0.0074301203712821007
; 5092; 0.00732870027422905
; 5102; 0.0099669201299548149
; 5112; 0.014017149806022644
; 5122; 0.015909519046545029
; 5132; 0.016541529446840286
; 5142; 0.016076039522886276
; 5152; 0.01642163097858429
; 5162; 0.012653579004108906
; 5172; 0.013972209766507149
; 5182; 0.0096604693681001663
; 5192; 0.0040056183934211731
; 5202; -0.003027813509106636
; 5212; -0.006173502653837204
; 5222; -0.0066301026381552219
; 5232; -0.0058973110280931
; 5242; -0.0068973111920058727
; 5252; -0.00227616005577147
; 5262; -0.0018010101048275828
; 5272; 0.0020074900239706039
; 5282; 0.0069460002705454826
; 5292; 0.011579900979995728
; 5302; 0.013840600848197937
; 5312; 0.014257121831178665
; 5322; 0.01297801174223423
; 5332; 0.013773631304502487
; 5342; 0.013635192066431046
; 5352; 0.016786932945251465
; 5362; 0.021609161049127579
; 5372; 0.023957561701536179
; 5382; 0.026306670159101486
; 5392; 0.030284769833087921
; 5402; 0.031911429017782211
; 5412; 0.033330541104078293
; 5422; 0.031449504196643829
; 5432; 0.028345508500933647
; 5442; 0.023299278691411018
; 5452; 0.016452906653285027
; 5462; 0.011841259896755219
; 5472; 0.0060464795678853989
; 5482; -0.0016062516951933503
; 5492; -0.007316631730645895
; 5502; -0.014702782034873962
; 5512; -0.017761111259460449
; 5523; -0.022558670490980148
; 5533; -0.027738392353057861
; 5543; -0.03200371190905571
; 5553; -0.035959992557764053
; 5563; -0.036286409944295883
; 5573; -0.036133687943220139
; 5583; -0.033107299357652664
; 5593; -0.024640752002596855
; 5603; -0.017746752128005028
; 5613; -0.0070374021306633949
; 5623; 0.0035787597298622131
; 5633; 0.012694939970970154
; 5643; 0.021032590419054031
; 5653; 0.026185479015111923
; 5663; 0.030601929873228073
; 5673; 0.031482677906751633
; 5683; 0.028180880472064018
; 5693; 0.024749698117375374
; 5703; 0.019657179713249207
; 5713; 0.014525129459798336
; 5723; 0.010236299596726894
; 5733; 0.0053124693222343922
; 5743; 0.0039958497509360313
; 5753; 0.0047396495938301086
; 5763; 0.0087823905050754547
; 5773; 0.013700740411877632
; 5783; 0.017852511256933212
; 5793; 0.019247209653258324
; 5803; 0.02377094142138958
; 5813; 0.028503380715847015
; 5823; 0.032765690237283707
; 5833; 0.035234119743108749
; 5843; 0.03516567125916481
; 5853; 0.033005900681018829
; 5863; 0.031762801110744476
; 5873; 0.033699821680784225
; 5883; 0.041865222156047821
; 5893; 0.044228080660104752
; 5903; 0.047819383442401886
; 5913; 0.052557263523340225
; 5923; 0.057256113737821579
; 5933; 0.065278492867946625
; 5943; 0.0744902566075325
; 5953; 0.0836203396320343
; 5963; 0.089794322848320007
; 5973; 0.09107835590839386
; 5983; 0.098829038441181183
; 5993; 0.10573268681764603
; 6003; 0.11431396752595901
; 6013; 0.12394291162490845
; 6023; 0.13195870816707611
; 6033; 0.137405663728714
; 6043; 0.14067485928535461
; 6053; 0.14438056945800781
; 6063; 0.14904536306858063
; 6073; 0.15003544092178345
; 6083; 0.14998489618301392
; 6093; 0.14767435193061829
; 6103; 0.14172649383544922
; 6113; 0.1342027336359024
; 6123; 0.12833338975906372
; 6133; 0.12683342397212982
; 6143; 0.12197395414113998
; 6153; 0.11835890263319016
; 6163; 0.1149943619966507
; 6173; 0.11084490269422531
; 6183; 0.10549645870923996
; 6193; 0.10255428403615952
; 6203; 0.1007840484380722
; 6213; 0.0970100536942482
; 6223; 0.0886649489402771
; 6233; 0.083077766001224518
; 6243; 0.0752224549651146
; 6253; 0.067189484834671021
; 6263; 0.059282761067152023
; 6273; 0.053315334022045135
; 6283; 0.047361522912979126
; 6293; 0.039277523756027222
; 6303; 0.035043403506278992
; 6313; 0.034328341484069824
; 6323; 0.03535645455121994
; 6333; 0.037041954696178436
; 6343; 0.038792271167039871
; 6353; 0.041082039475440979
; 6363; 0.044769212603569031
; 6373; 0.048449475318193436
; 6383; 0.05657542496919632
; 6393; 0.060394112020730972
; 6403; 0.06002262607216835
; 6413; 0.056535042822360992
; 6423; 0.053493257611989975
; 6433; 0.049617022275924683
; 6443; 0.046175625175237656
; 6453; 0.038111396133899689
; 6463; 0.028599169105291367
; 6473; 0.014234120026230812
; 6483; 0.0034843394532799721
; 6493; -0.0054154018871486187
; 6503; -0.011393362656235695
; 6513; -0.016684632748365402
; 6523; -0.019839651882648468
; 6533; -0.023425662890076637
; 6543; -0.02433658204972744
; 6553; -0.024333992972970009
; 6563; -0.020036673173308372
; 6573; -0.016701692715287209
; 6583; -0.013093050569295883
; 6593; -0.010163340717554092
; 6603; -0.0075847101397812366
; 6613; -0.0053582596592605114
; 6623; -0.0010239891707897186
; 6633; 0.0038336711004376411
; 6643; 0.0079505108296871185
; 6653; 0.010369231924414635
; 6663; 0.012029261328279972
; 6673; 0.013923391699790955
; 6683; 0.013509291224181652
; 6693; 0.012153781950473785
; 6703; 0.0078880805522203445
; 6713; 0.0014246313367038965
; 6723; -0.0049019688740372658
; 6733; -0.00865077879279852
; 6743; -0.012656619772315025
; 6755; -0.016559479758143425
; 6765; -0.02005779929459095
; 6775; -0.019398968666791916
; 6785; -0.017335418611764908
; 6795; -0.010100080631673336
; 6805; -0.002474889624863863
; 6815; 0.0053815110586583614
; 6825; 0.011404581367969513
; 6835; 0.018310841172933578
; 6845; 0.025406902655959129
; 6855; 0.029805712401866913
; 6865; 0.028708653524518013
; 6875; 0.025237901136279106
; 6885; 0.017463421449065208
; 6895; 0.012112372554838657
; 6905; 0.0052006710320711136
; 6915; -0.00033237005118280649
; 6925; -0.0065839309245347977
; 6935; -0.014463640749454498
; 6945; -0.017464520409703255
; 6955; -0.016749190166592598
; 6965; -0.011323550716042519
; 6975; -0.0049296701326966286
; 6985; -0.00056331045925617218
; 6995; 0.0045581590384244919
; 7005; 0.0083841690793633461
; 7015; 0.011656449176371098
; 7025; 0.015603959560394287
; 7035; 0.01558837853372097
; 7045; 0.016362050548195839
; 7055; 0.012607279233634472
; 7065; 0.0082007590681314468
; 7075; 0.0013660602271556854
; 7085; -0.0046958103775978088
; 7095; -0.012117240577936172
; 7105; -0.017892599105834961
; 7115; -0.021316379308700562
; 7125; -0.0205695703625679
; 7135; -0.022879540920257568
; 7145; -0.023364271968603134
; 7155; -0.023165140300989151
; 7165; -0.02080088108778
; 7175; -0.019953969866037369
; 7185; -0.016130251809954643
; 7195; -0.01337709091603756
; 7205; -0.011063980869948864
; 7215; -0.01372379157692194
; 7225; -0.012795861810445786
; 7235; -0.011522311717271805
; 7246; -0.00820522103458643
; 7256; -0.00349600100889802
; 7266; 0.0030620396137237549
; 7276; 0.0068374201655387878
; 7286; 0.01046305987983942
; 7296; 0.012189810164272785
; 7306; 0.01586763933300972
; 7316; 0.017011569812893867
; 7326; 0.016449408605694771
; 7336; 0.013993979431688786
; 7346; 0.010267779231071472
; 7356; 0.0061695598997175694
; 7366; 0.0042486400343477726
; 7376; 0.0020783897489309311
; 7386; 0.0012847299221903086
; 7396; 0.0015554397832602262
; 7406; 0.0027277397457510233
; 7416; 0.0046970597468316555
; 7426; 0.0073250699788331985
; 7436; 0.009934709407389164
; 7446; 0.010955800302326679
; 7456; 0.013115691021084785
; 7466; 0.014771229587495327
; 7476; 0.015509109944105148
; 7486; 0.013433989137411118
; 7496; 0.011566299945116043
; 7506; 0.011491930112242699
; 7516; 0.011559739708900452
; 7526; 0.014504749327898026
; 7536; 0.020783191546797752
; 7546; 0.02574671246111393
; 7556; 0.03225935623049736
; 7566; 0.041649665683507919
; 7576; 0.0559023953974247
; 7586; 0.070233486592769623
; 7596; 0.070233486592769623
; 7606; 0.070233486592769623
; 7616; 0.070233486592769623
; 7626; 0.070233486592769623
; 7636; 0.070233486592769623
; 7646; 0.070233486592769623
; 7656; 0.070233486592769623
; 7666; 0.070233486592769623
; 7676; 0.070233486592769623
; 7686; 0.070233486592769623
; 7696; 0.070233486592769623
; 7706; 0.070233486592769623
; 7716; 0.070233486592769623
; 7726; 0.070233486592769623
; 7736; 0.070233486592769623
; 7746; 0.070233486592769623
; 7756; 0.070233486592769623
; 7766; 0.070233486592769623
; 7776; 0.070233486592769623
; 7786; 0.070233486592769623
; 7796; 0.070233486592769623
; 7806; 0.070233486592769623
; 7816; 0.070233486592769623
; 7826; 0.070233486592769623
; 7836; 0.070233486592769623
; 7846; 0.070233486592769623
; 7856; 0.070233486592769623
; 7866; 0.070233486592769623
; 7876; 0.070233486592769623
; 7886; 0.070233486592769623
; 7896; 0.070233486592769623
; 7906; 0.070233486592769623
; 7916; 0.070233486592769623
; 7926; 0.070233486592769623
; 7936; 0.070233486592769623
; 7946; 0.070233486592769623
; 7956; 0.070233486592769623
; 7966; 0.070233486592769623
; 7977; 0.070233486592769623
; 7987; 0.070233486592769623
; 7997; 0.070233486592769623
; 8007; 0.070233486592769623
; 8017; 0.070233486592769623
; 8027; 0.070233486592769623
; 8037; 0.070233486592769623
; 8047; 0.070233486592769623
; 8057; 0.070233486592769623
; 8067; 0.070233486592769623
; 8077; 0.070233486592769623
; 8087; 0.070233486592769623
; 8097; 0.070233486592769623
; 8107; 0.070233486592769623
; 8117; 0.070233486592769623
; 8127; 0.070233486592769623
; 8137; 0.070233486592769623
; 8147; 0.070233486592769623
; 8157; 0.070233486592769623
; 8167; 0.070233486592769623
; 8177; 0.070233486592769623
; 8187; 0.070233486592769623
; 8197; 0.070233486592769623
; 8207; 0.070233486592769623
; 8217; 0.070233486592769623
; 8227; 0.070233486592769623
; 8237; 0.070233486592769623
; 8247; 0.070233486592769623
; 8257; 0.070233486592769623
; 8267; 0.070233486592769623
; 8279; 0.070233486592769623
; 8289; 0.070233486592769623
; 8299; 0.070233486592769623
; 8309; 0.070233486592769623
; 8319; 0.070233486592769623
; 8329; 0.070233486592769623
; 8339; 0.070233486592769623
; 8349; 0.070233486592769623
; 8359; 0.070233486592769623
; 8369; 0.070233486592769623
; 8379; 0.070233486592769623
; 8389; 0.070233486592769623
; 8399; 0.070233486592769623
; 8409; 0.070233486592769623
; 8419; 0.070233486592769623
; 8429; 0.070233486592769623
; 8439; 0.070233486592769623
; 8449; 0.070233486592769623
; 8459; 0.070233486592769623
; 8469; 0.070233486592769623
; 8479; 0.070233486592769623
; 8489; 0.070233486592769623
; 8499; 0.070233486592769623
; 8509; 0.070233486592769623
; 8519; 0.070233486592769623
; 8529; 0.070233486592769623
; 8539; 0.070233486592769623
; 8549; 0.070233486592769623
; 8559; 0.070233486592769623
; 8569; 0.070233486592769623
; 8579; 0.070233486592769623
; 8589; 0.070233486592769623
; 8599; 0.070233486592769623
; 8609; 0.070233486592769623
; 8619; 0.070233486592769623
; 8629; 0.070233486592769623
; 8639; 0.070233486592769623
; 8649; 0.070233486592769623
; 8659; 0.070233486592769623
; 8669; 0.070233486592769623
; 8680; 0.070233486592769623
; 8690; 0.070233486592769623
; 8700; 0.070233486592769623
; 8710; 0.070233486592769623
; 8720; 0.070233486592769623
; 8730; 0.070233486592769623
; 8740; 0.070233486592769623
; 8750; 0.070233486592769623
; 8760; 0.070233486592769623
; 8770; 0.070233486592769623
; 8780; 0.070233486592769623
; 8790; 0.070233486592769623
; 8800; 0.070233486592769623
; 8810; 0.070233486592769623
; 8820; 0.070233486592769623
; 8830; 0.070233486592769623
; 8840; 0.070233486592769623
; 8850; 0.070233486592769623
; 8860; 0.070233486592769623
; 8870; 0.070233486592769623
; 8880; 0.070233486592769623
; 8890; 0.070233486592769623
; 8900; 0.070233486592769623
; 8910; 0.070233486592769623
; 8920; 0.070233486592769623
; 8930; 0.070233486592769623
; 8940; 0.070233486592769623
; 8950; 0.070233486592769623
; 8960; 0.070233486592769623
; 8970; 0.070233486592769623
; 8980; 0.070233486592769623
; 8990; 0.070233486592769623
; 9000; 0.070233486592769623
; 9010; 0.070233486592769623
; 9020; 0.070233486592769623
; 9030; 0.070233486592769623
; 9040; 0.070233486592769623
; 9050; 0.070233486592769623
; 9060; 0.070233486592769623
; 9070; 0.070233486592769623
; 9080; 0.070233486592769623
; 9090; 0.070233486592769623
; 9100; 0.070233486592769623
; 9112; 0.070233486592769623
; 9122; 0.070233486592769623
; 9132; 0.070233486592769623
; 9142; 0.070233486592769623
; 9152; 0.070233486592769623
; 9162; 0.070233486592769623
; 9172; 0.070233486592769623
; 9182; 0.070233486592769623
; 9192; 0.070233486592769623
; 9202; 0.070233486592769623
; 9212; 0.070233486592769623
; 9222; 0.070233486592769623
; 9232; 0.070233486592769623
; 9242; 0.070233486592769623
; 9252; 0.070233486592769623
; 9262; 0.070233486592769623
; 9272; 0.070233486592769623
; 9282; 0.070233486592769623
; 9292; 0.070233486592769623
; 9302; 0.070233486592769623
; 9312; 0.070233486592769623
; 9322; 0.070233486592769623
; 9332; 0.070233486592769623
; 9342; 0.070233486592769623
; 9352; 0.070233486592769623
; 9362; 0.070233486592769623
; 9372; 0.070233486592769623
; 9382; 0.070233486592769623
; 9392; 0.070233486592769623
; 9402; 0.070233486592769623
; 9412; 0.070233486592769623
; 9422; 0.070233486592769623
; 9432; 0.070233486592769623
; 9442; 0.070233486592769623
; 9452; 0.070233486592769623
; 9462; 0.070233486592769623
; 9472; 0.070233486592769623
; 9482; 0.070233486592769623
; 9492; 0.070233486592769623
; 9502; 0.070233486592769623
; 9512; 0.070233486592769623
; 9522; 0.070233486592769623
; 9532; 0.070233486592769623
; 9542; 0.070233486592769623
; 9552; 0.070233486592769623
; 9562; 0.070233486592769623
; 9572; 0.070233486592769623
; 9582; 0.070233486592769623
; 9592; 0.070233486592769623
; 9602; 0.070233486592769623
; 9612; 0.070233486592769623
; 9622; 0.070233486592769623
; 9632; 0.070233486592769623
; 9642; 0.070233486592769623
; 9652; 0.070233486592769623
; 9662; 0.070233486592769623
; 9672; 0.070233486592769623
; 9682; 0.070233486592769623
; 9692; 0.070233486592769623
; 9702; 0.070233486592769623
; 9712; 0.070233486592769623
; 9722; 0.070233486592769623
; 9732; 0.070233486592769623
; 9742; 0.070233486592769623
; 9752; 0.070233486592769623
; 9762; 0.070233486592769623
; 9772; 0.070233486592769623
; 9782; 0.070233486592769623
; 9792; 0.070233486592769623
; 9802; 0.070233486592769623
; 9812; 0.070233486592769623
; 9822; 0.070233486592769623
; 9832; 0.070233486592769623
; 9842; 0.070233486592769623
; 9852; 0.070233486592769623
; 9862; 0.070233486592769623
; 9872; 0.070233486592769623
; 9882; 0.070233486592769623
; 9892; 0.070233486592769623
; 9902; 0.070233486592769623
; 9912; 0.070233486592769623
; 9922; 0.070233486592769623
; 9932; 0.070233486592769623
; 9942; 0.070233486592769623
; 9952; 0.070233486592769623
; 9962; 0.070233486592769623
; 9972; 0.070233486592769623
; 9982; 0.070233486592769623
; 9992; 0.070233486592769623
; 10002; 0.070233486592769623
; 10012; 0.070233486592769623
; 10022; 0.070233486592769623
; 10032; 0.070233486592769623
; 10042; 0.070233486592769623
; 10052; 0.070233486592769623
; 10062; 0.070233486592769623
; 10072; 0.070233486592769623
; 10082; 0.070233486592769623
; 10092; 0.070233486592769623
; 10102; 0.070233486592769623
; 10112; 0.070233486592769623
; 10122; 0.070233486592769623
; 10132; 0.070233486592769623
; 10143; 0.070233486592769623
; 10153; 0.070233486592769623
; 10163; 0.070233486592769623
; 10173; 0.070233486592769623
; 10183; 0.070233486592769623
; 10193; 0.070233486592769623
; 10203; 0.070233486592769623
; 10213; 0.070233486592769623
; 10223; 0.070233486592769623
; 10233; 0.070233486592769623
; 10243; 0.070233486592769623
; 10253; 0.070233486592769623
; 10263; 0.070233486592769623
; 10273; 0.070233486592769623
; 10283; 0.070233486592769623
; 10293; 0.070233486592769623
; 10303; 0.070233486592769623
; 10313; 0.070233486592769623
; 10323; 0.070233486592769623
; 10333; 0.070233486592769623
; 10343; 0.070233486592769623
; 10353; 0.070233486592769623
; 10363; 0.070233486592769623
; 10373; 0.070233486592769623
; 10383; 0.070233486592769623
; 10393; 0.070233486592769623
; 10403; 0.070233486592769623
; 10413; 0.070233486592769623
; 10423; 0.070233486592769623
; 10433; 0.070233486592769623
; 10443; 0.070233486592769623
; 10453; 0.070233486592769623
; 10463; 0.070233486592769623
; 10473; 0.070233486592769623
; 10483; 0.070233486592769623
; 10493; 0.070233486592769623
; 10503; 0.070233486592769623
; 10513; 0.070233486592769623
; 10523; 0.070233486592769623
; 10533; 0.070233486592769623
; 10543; 0.070233486592769623
; 10553; 0.070233486592769623
; 10563; 0.070233486592769623
; 10573; 0.070233486592769623
; 10583; 0.070233486592769623
; 10593; 0.070233486592769623
; 10603; 0.070233486592769623
; 10613; 0.070233486592769623
; 10623; 0.070233486592769623
; 10633; 0.070233486592769623
; 10643; 0.070233486592769623
; 10653; 0.070233486592769623
; 10663; 0.070233486592769623
; 10673; 0.070233486592769623
; 10683; 0.070233486592769623
; 10693; 0.070233486592769623
; 10703; 0.070233486592769623
; 10713; 0.070233486592769623
; 10723; 0.070233486592769623
; 10733; 0.070233486592769623
; 10743; 0.070233486592769623
; 10753; 0.070233486592769623
; 10763; 0.070233486592769623
; 10773; 0.070233486592769623
; 10783; 0.070233486592769623
; 10795; 0.070233486592769623
; 10804; 0.070233486592769623
; 10815; 0.070233486592769623
; 10825; 0.070233486592769623
; 10835; 0.070233486592769623
; 10845; 0.070233486592769623
; 10855; 0.070233486592769623
; 10865; 0.070233486592769623
; 10875; 0.070233486592769623
; 10885; 0.070233486592769623
; 10895; 0.070233486592769623
; 10905; 0.070233486592769623
; 10915; 0.070233486592769623
; 10925; 0.070233486592769623
; 10935; 0.070233486592769623
; 10945; 0.070233486592769623
; 10955; 0.070233486592769623
; 10965; 0.070233486592769623
; 10975; 0.070233486592769623
; 10985; 0.070233486592769623
; 10995; 0.070233486592769623
; 11005; 0.070233486592769623
; 11015; 0.070233486592769623
; 11025; 0.070233486592769623
; 11035; 0.070233486592769623
; 11045; 0.070233486592769623
; 11055; 0.070233486592769623
; 11065; 0.070233486592769623
; 11075; 0.070233486592769623
; 11085; 0.070233486592769623
; 11095; 0.070233486592769623
; 11105; 0.070233486592769623
; 11115; 0.070233486592769623
; 11125; 0.070233486592769623
; 11135; 0.070233486592769623
; 11145; 0.070233486592769623
; 11155; 0.070233486592769623
; 11165; 0.070233486592769623
; 11175; 0.070233486592769623
; 11185; 0.070233486592769623
; 11195; 0.070233486592769623
; 11205; 0.070233486592769623
; 11215; 0.070233486592769623
; 11225; 0.070233486592769623
; 11235; 0.070233486592769623
; 11245; 0.070233486592769623
; 11255; 0.070233486592769623
; 11265; 0.070233486592769623
; 11275; 0.070233486592769623
; 11285; 0.070233486592769623
; 11295; 0.070233486592769623
; 11305; 0.070233486592769623
; 11315; 0.070233486592769623
; 11325; 0.070233486592769623
; 11335; 0.070233486592769623
; 11345; 0.070233486592769623
; 11355; 0.070233486592769623
; 11365; 0.070233486592769623
; 11375; 0.070233486592769623
; 11385; 0.070233486592769623
; 11395; 0.070233486592769623
; 11405; 0.070233486592769623
; 11415; 0.070233486592769623
; 11425; 0.070233486592769623
; 11435; 0.070233486592769623
; 11445; 0.070233486592769623
; 11455; 0.070233486592769623
; 11465; 0.070233486592769623
; 11475; 0.070233486592769623
; 11485; 0.070233486592769623
; 11495; 0.070233486592769623
; 11505; 0.070233486592769623
; 11515; 0.070233486592769623
; 11525; 0.070233486592769623
; 11536; 0.070233486592769623
; 11546; 0.070233486592769623
; 11556; 0.070233486592769623
; 11566; 0.070233486592769623
; 11576; 0.070233486592769623
; 11586; 0.070233486592769623
; 11596; 0.070233486592769623
; 11606; 0.070233486592769623
; 11616; 0.070233486592769623
; 11626; 0.070233486592769623
; 11636; 0.070233486592769623
; 11646; 0.070233486592769623
; 11656; 0.070233486592769623
; 11666; 0.070233486592769623
; 11676; 0.070233486592769623
; 11686; 0.070233486592769623
; 11696; 0.070233486592769623
; 11706; 0.070233486592769623
; 11716; 0.070233486592769623
; 11726; 0.070233486592769623
; 11736; 0.070233486592769623
; 11746; 0.070233486592769623
; 11756; 0.070233486592769623
; 11766; 0.070233486592769623
; 11776; 0.070233486592769623
; 11786; 0.070233486592769623
; 11796; 0.070233486592769623
; 11806; 0.070233486592769623
; 11816; 0.070233486592769623
; 11826; 0.070233486592769623
; 11836; 0.070233486592769623
; 11846; 0.070233486592769623
; 11857; 0.070233486592769623
; 11867; 0.070233486592769623
; 11877; 0.070233486592769623
; 11887; 0.070233486592769623
; 11897; 0.070233486592769623
; 11907; 0.070233486592769623
; 11917; 0.070233486592769623
; 11927; 0.070233486592769623
; 11937; 0.070233486592769623
; 11947; 0.070233486592769623
; 11957; 0.070233486592769623
; 11967; 0.070233486592769623
; 11977; 0.070233486592769623
; 11987; 0.070233486592769623
; 11997; 0.070233486592769623
; 12007; 0.070233486592769623
; 12017; 0.070233486592769623
; 12027; 0.070233486592769623
; 12037; 0.070233486592769623
; 12047; 0.070233486592769623
; 12057; 0.070233486592769623
; 12067; 0.070233486592769623
; 12077; 0.070233486592769623
; 12087; 0.070233486592769623
; 12097; 0.070233486592769623
; 12107; 0.070233486592769623
; 12117; 0.070233486592769623
; 12127; 0.070233486592769623
; 12137; 0.070233486592769623
; 12147; 0.070233486592769623
; 12157; 0.070233486592769623
; 12167; 0.070233486592769623
; 12177; 0.070233486592769623
; 12187; 0.070233486592769623
; 12197; 0.070233486592769623
; 12207; 0.070233486592769623
