index;wform;noise;wform_noisy;y_filtfilt;y_filter
1;0.0000000000;0.0000000000;-0.2162824058;-0.2160831992;-0.0004477562
2;0.0627587293;0.0627587293;-0.7700334598;-0.2386163998;-0.0061116974
3;0.1252700295;0.1252700295;0.1879361827;-0.1708620696;-0.0359771375
4;0.1872874471;0.1872874471;0.3311256573;0.0268243262;-0.1201432374
5;0.2485664758;0.2485664758;-0.3246691996;0.3172732670;-0.2470768640
6;0.3088655201;0.3088655201;0.9043232529;0.5974618366;-0.3044062453
7;0.3679468485;0.3679468485;0.9625289494;0.7504984615;-0.1556927413
8;0.4255775303;0.4255775303;0.4067608920;0.7251484523;0.1725604738
9;0.4815303540;0.4815303540;0.6451765347;0.5910922861;0.4850151137
10;0.5355847230;0.5355847230;0.6229042944;0.5040742416;0.6532862536
11;0.5875275257;0.5875275257;0.4941732369;0.5807837355;0.7175840573
12;0.6371539753;0.6371539753;1.0000492490;0.7903876095;0.7217243295
13;0.6842684172;0.6842684172;0.3901101457;0.9865886724;0.6469589545
14;0.7286851009;0.7286851009;1.8202780100;1.0629157980;0.5548614581
15;0.7702289114;0.7702289114;0.7020309699;1.0541907770;0.5920730001
16;0.8087360606;0.8087360606;0.8657017173;1.0556637310;0.7934830092
17;0.8440547322;0.8440547322;1.3774388380;1.0709771030;1.0242173330
18;0.8760456809;0.8760456809;0.9056864112;1.0088550610;1.1410960490
19;0.9045827809;0.9045827809;0.8567585782;0.8394755279;1.1182120790
20;0.9295535236;0.9295535236;0.5133787917;0.6803588610;1.0300341080
21;0.9508594605;0.9508594605;1.0980648690;0.6786733200;0.9670073294
22;0.9684165922;0.9684165922;0.3003256632;0.8541998570;0.9385014180
23;0.9821556988;0.9821556988;1.3393179750;1.1059949750;0.8683409486
24;0.9920226134;0.9920226134;1.8038036460;1.3228932000;0.7403278691
25;0.9979784351;0.9979784351;0.6520905842;1.4183207790;0.6887519727
26;0.9999996829;0.9999996829;1.4289980190;1.3108192240;0.8533825634
27;0.9980783880;0.9980783880;1.6250790990;0.9965797051;1.1766190950
28;0.9922221251;0.9922221251;0.1953573369;0.6505070324;1.4196423760
29;0.9824539828;0.9824539828;0.2619717668;0.5309943093;1.3995407870
30;0.9688124724;0.9688124724;1.2543862840;0.7186991766;1.1690610970
31;0.9513513762;0.9513513762;0.7514085874;1.0260325100;0.9048137480
32;0.9301395354;0.9301395354;1.2751382230;1.2251396800;0.6950823986
33;0.9052605785;0.9052605785;1.3130717230;1.2899254070;0.5799510058
34;0.8768125919;0.8768125919;1.2327667540;1.3323906450;0.6768280685
35;0.8449077330;0.8449077330;1.4900326100;1.3695992470;1.0177523820
36;0.8096717883;0.8096717883;1.1439720410;1.2836161890;1.3641852370
37;0.7712436769;0.7712436769;1.3666627140;1.0123143760;1.4472839010
38;0.7297749033;0.7297749033;0.1285463459;0.6662700054;1.3143373730
39;0.6854289601;0.6854289601;0.6755341812;0.4094752978;1.2061461090
40;0.6383806830;0.6383806830;0.5600220336;0.2945359575;1.1624145490
41;0.5888155620;0.5888155620;-0.2132272190;0.2686227172;0.9884170435
42;0.5369290097;0.5369290097;0.6655811270;0.2908936998;0.6166158847
43;0.4829255911;0.4829255911;-0.0453108729;0.3703382773;0.2740282768
44;0.4270182172;0.4270182172;1.1345889600;0.4908130238;0.1857301904
45;0.3694273051;0.3694273051;-0.0331178970;0.5563708843;0.2846002954
46;0.3103799097;0.3103799097;0.5747514152;0.4482753390;0.3685963179
47;0.2501088277;0.2501088277;0.3597691641;0.1389699283;0.4000294655
48;0.1888516808;0.1888516808;-0.2720991314;-0.2529062703;0.4549586865
49;0.1268499777;0.1268499777;-0.9584872694;-0.5225775859;0.4880904466
50;0.0643481631;0.0643481631;0.0347542508;-0.5137892929;0.3592648075
51;0.0015926529;0.0015926529;-0.5037242003;-0.2324905531;0.0444927153
52;-0.0611691363;-0.0611691363;0.2460623881;0.1443388482;-0.3175914801
53;-0.1236897635;-0.1236897635;0.1301806291;0.3808583225;-0.5383746700
54;-0.1857227384;-0.1857227384;0.6604921967;0.3402877649;-0.4831452138
55;-0.2470234933;-0.2470234933;0.0486178002;0.0643709590;-0.1672491133
56;-0.3073503471;-0.3073503471;-0.6291479484;-0.2868060445;0.2078051161
57;-0.3664654586;-0.3664654586;-0.1762968328;-0.5602612937;0.3977050727
58;-0.4241357640;-0.4241357640;-0.9286935261;-0.6801292952;0.3039315670
59;-0.4801338954;-0.4801338954;-0.4898892302;-0.6473375105;-0.0069551115
60;-0.5342390778;-0.5342390778;-0.5583494724;-0.5382421524;-0.3879172729
61;-0.5862379992;-0.5862379992;-0.5862164032;-0.4932772072;-0.6682458120
62;-0.6359256514;-0.6359256514;-0.7948553770;-0.6149296566;-0.7350414675
63;-0.6831061388;-0.6831061388;-0.1356042694;-0.8300934527;-0.6346313273
64;-0.7275934501;-0.7275934501;-1.6645885790;-0.9217714146;-0.5351298515
65;-0.7692121922;-0.7692121922;-0.5551205557;-0.7697773375;-0.5518619220
66;-0.8077982814;-0.8077982814;-0.3599790458;-0.5187766494;-0.6598203706
67;-0.8431995904;-0.8431995904;-0.4777209212;-0.4250541678;-0.7791666516
68;-0.8752765478;-0.8752765478;-0.5863478746;-0.5553914820;-0.8485308918
69;-0.9039026889;-0.9039026889;-0.8837456731;-0.7299623070;-0.7976067821
70;-0.9289651539;-0.9289651539;-0.5904205601;-0.7777959267;-0.6002666233
71;-0.9503651329;-0.9503651329;-0.6659150303;-0.7581369620;-0.4100678990
72;-0.9680182555;-0.9680182555;-1.0958409630;-0.8645141019;-0.4558444959
73;-0.9818549235;-0.9818549235;-1.1705894010;-1.1513507060;-0.7186209483
74;-0.9918205853;-0.9918205853;-1.1397641400;-1.4326301570;-0.9174078337
75;-0.9978759508;-0.9978759508;-1.7354432040;-1.4708217420;-0.9156979027
76;-0.9999971464;-0.9999971464;-1.1169991700;-1.2291290860;-0.9188018414
77;-0.9981758092;-0.9981758092;-0.9389533907;-0.9025195514;-1.1296844950
78;-0.9924191200;-0.9924191200;-0.8350145983;-0.7075657131;-1.4120734320
79;-0.9827497747;-0.9827497747;-0.2609956526;-0.6815917881;-1.4678591450
80;-0.9692058952;-0.9692058952;-1.1446932640;-0.7072200076;-1.2168593590
81;-0.9518408788;-0.9518408788;-0.6402239532;-0.6916955830;-0.8537878382
82;-0.9307231878;-0.9307231878;-0.5311988788;-0.6622000067;-0.6123744007
83;-0.9059360797;-0.9059360797;-0.4354911094;-0.6924217779;-0.5804534953
84;-0.8775772788;-0.8775772788;-1.3736231470;-0.8005882679;-0.6823731202
85;-0.8457585907;-0.8457585907;-0.7397410146;-0.9396995357;-0.7604702920
86;-0.8106054622;-0.8106054622;-0.6916644258;-1.0365424360;-0.7298895443
87;-0.7722564860;-0.7722564860;-1.2761381820;-1.0171253070;-0.6910361151
88;-0.7308628546;-0.7308628546;-1.1018852310;-0.8495884227;-0.7930673561
89;-0.6865877643;-0.6865877643;-0.1454402877;-0.6054437539;-0.9840002333
90;-0.6396057714;-0.6396057714;-0.7053556229;-0.4375462607;-1.0586551760
91;-0.5901021047;-0.5901021047;-0.3951618598;-0.4446061831;-0.9476652183
92;-0.5382719344;-0.5382719344;-0.4942783811;-0.5720254947;-0.7637715627
93;-0.4843196033;-0.4843196033;-0.8020522161;-0.6764901081;-0.5926519663
94;-0.4284578209;-0.4284578209;-0.7082444720;-0.6618955647;-0.4514999096
95;-0.3709068247;-0.3709068247;-0.1490800799;-0.5226300575;-0.4085974091
96;-0.3118935120;-0.3118935120;-0.7868454112;-0.3039671293;-0.5230910279
97;-0.2516505453;-0.2516505453;0.1389402636;-0.0940046918;-0.6820154773
98;-0.1904154354;-0.1904154354;0.0940648875;-0.0290621479;-0.6781506227
99;-0.1284296042;-0.1284296042;-0.5392867500;-0.1985966860;-0.4644555514
100;-0.0659374336;-0.0659374336;-0.1987408593;-0.5000360281;-0.2065015861
101;-0.0031853018;-0.0031853018;-0.5970738100;-0.6620321119;-0.0756456314
102;0.0595793882;0.0595793882;-1.0415809700;-0.4909947417;-0.1054255509
103;0.1221091838;0.1221091838;0.6152778793;-0.0782996985;-0.2518672274
104;0.1841575586;0.1841575586;-0.0751599745;0.2912374270;-0.4521807587
105;0.2454798842;0.2454798842;0.4091636662;0.4244686342;-0.5778407080
106;0.3058343944;0.3058343944;0.4228629009;0.3600922081;-0.4574499661
107;0.3649831392;0.3649831392;0.3757162086;0.2394567815;-0.0622082653
108;0.4226929218;0.4226929218;-0.0792793116;0.1314601531;0.3737152866
109;0.4787362190;0.4787362190;0.0051631866;0.0398606536;0.5449557098
110;0.5328920775;0.5328920775;0.3456774800;0.0185800439;0.3985582290
111;0.5849469856;0.5849469856;-0.0079961213;0.1682325561;0.1585098188
112;0.6346957145;0.6346957145;0.1067442527;0.4884276821;0.0369499233
113;0.6819421275;0.6819421275;1.4181820950;0.7989537431;0.0534334381
114;0.7264999537;0.7264999537;0.7543718697;0.8730641333;0.1378765454
115;0.7681935219;0.7681935219;0.1595347951;0.6571851170;0.2782366877
116;0.8068584533;0.8068584533;0.7862448865;0.3433508256;0.5085719530
117;0.8423423097;0.8423423097;0.2781703776;0.2178828075;0.7744604465
118;0.8745051945;0.8745051945;0.1998664230;0.4220670914;0.8785206279
119;0.9032203041;0.9032203041;0.7726694926;0.8315032742;0.6810172344
120;0.9283744279;0.9283744279;1.4051071510;1.1623111830;0.3490500683
121;0.9498683946;0.9498683946;1.0141906100;1.2148858350;0.2332871372
122;0.9676174634;0.9676174634;1.2958512200;1.0251054050;0.4749967130
123;0.9815516577;0.9815516577;0.3976419754;0.7817855817;0.8870612264
124;0.9916160415;0.9916160415;0.7613134517;0.6280180588;1.1962058600
125;0.9977709353;0.9977709353;0.8665509589;0.5780842902;1.2480913160
126;0.9999920733;0.9999920733;0.3934160391;0.6002444011;1.0382517040
127;0.9982706986;0.9982706986;0.3385521995;0.6996931146;0.7159933807
128;0.9926135976;0.9926135976;1.4582223550;0.8791785653;0.5161037229
129;0.9830430739;0.9830430739;0.9886655221;1.0608819890;0.5445337913
130;0.9695968596;0.9695968596;0.6470239518;1.1174269480;0.6810144889
131;0.9523279670;0.9523279670;1.3551923640;1.0089461240;0.7906543200
132;0.9313044795;0.9313044795;1.0471174850;0.8644476331;0.9016957764
133;0.9066092831;0.9066092831;0.4117294472;0.8790706383;1.0489004260
134;0.8783397396;0.8783397396;1.5481325900;1.1044756690;1.1218380730
135;0.8466073031;0.8466073031;0.9913583204;1.3616774600;1.0380683640
136;0.8115370801;0.8115370801;1.5509956090;1.3952594180;0.9149925672
137;0.7732673363;0.7732673363;1.3422813430;1.1121530720;0.9273630994
138;0.7319489521;0.7319489521;0.3898796595;0.6554871168;1.0982479250
139;0.6877448269;0.6877448269;0.0417768044;0.2747328260;1.2934533180
140;0.6408292375;0.6408292375;0.6043660993;0.1562142932;1.3273884620
141;0.5913871505;0.5913871505;0.4260877106;0.3242979531;1.0701114900
142;0.5396134938;0.5396134938;0.1177996742;0.6134455022;0.5813696772
143;0.4857123870;0.4857123870;0.7345972191;0.7554929569;0.1597262159
144;0.4298963378;0.4298963378;1.1741415730;0.6087458424;0.1052421993
145;0.3723854034;0.3723854034;0.0991474560;0.3195038343;0.3786295661
146;0.3134063231;0.3134063231;-0.1099727588;0.1528446699;0.6474645709
147;0.2531916246;0.2531916246;0.1300233606;0.1498026105;0.6942768232
148;0.1919787070;0.1919787070;0.5234907799;0.0949951135;0.5722172046
149;0.1300089048;0.1300089048;-0.2970897824;-0.1242398870;0.3695839192
150;0.0675265369;0.0675265369;-0.5331308708;-0.3067609508;0.1188343925
151;0.0047779426;0.0047779426;-0.0551567714;-0.2332002971;-0.0608220493
152;-0.0579894890;-0.0579894890;-0.0906364964;-0.0331596766;-0.0619049155
153;-0.1205282944;-0.1205282944;0.1221194836;-0.0328797272;-0.0249571191
154;-0.1825919117;-0.1825919117;-0.4803373630;-0.2825353208;-0.1492214474
155;-0.2439356524;-0.2439356524;-0.3187695243;-0.4777090168;-0.3159415470
156;-0.3043176660;-0.3043176660;-0.5216936316;-0.3996496697;-0.2599316303
157;-0.3634998939;-0.3634998939;-0.4031650054;-0.2173995718;-0.0647651373
158;-0.4212490074;-0.4212490074;0.3463271257;-0.2314489714;-0.0899845510
159;-0.4773373282;-0.4773373282;-0.7805787578;-0.4809523529;-0.3889755546
160;-0.5315437255;-0.5315437255;-1.2052250620;-0.7626996874;-0.5803186720
161;-0.5836544883;-0.5836544883;-0.3489629284;-0.9206419973;-0.4194181625
162;-0.6334641676;-0.6334641676;-1.0852476390;-0.9364516329;-0.2002479070
163;-0.6807763865;-0.6807763865;-0.6628365672;-0.8209680114;-0.3589109096
164;-0.7254046146;-0.7254046146;-1.0391702250;-0.6330707175;-0.8323444088
165;-0.7671729030;-0.7671729030;-0.4994739259;-0.5712548808;-1.1144086340
166;-0.8059165785;-0.8059165785;-0.5294748198;-0.8027981515;-0.9531089246
167;-0.8414828925;-0.8414828925;-0.9433281322;-1.1610675200;-0.6636341383
168;-0.8737316230;-0.8737316230;-1.9008939630;-1.2445203130;-0.6196867879
169;-0.9025356282;-0.9025356282;-0.8362552625;-0.9243700717;-0.7671355321
170;-0.9277813470;-0.9277813470;-0.1313109951;-0.5635175571;-0.8792387499
171;-0.9493692470;-0.9493692470;-0.4401633526;-0.5869870538;-0.9728257118
172;-0.9672142169;-0.9672142169;-1.7574154670;-0.9830888271;-1.1159901650
173;-0.9812459022;-0.9812459022;-1.0205768620;-1.3891807790;-1.0981965410
174;-0.9914089823;-0.9914089823;-1.3322374120;-1.5453384280;-0.7690296392
175;-0.9976633889;-0.9976633889;-1.5099399180;-1.4735040030;-0.5145927262
176;-0.9999844637;-0.9999844637;-1.6171612030;-1.2985842660;-0.8277983464
177;-0.9983630557;-0.9983630557;-0.8539595463;-1.1195043140;-1.4915765910
178;-0.9928055574;-0.9928055574;-1.2074570600;-1.0407071790;-1.7855214700
179;-0.9833338795;-0.9833338795;-0.9554332845;-1.1117942630;-1.4912370640
180;-0.9699853646;-0.9699853646;-1.1539221480;-1.1896760950;-1.1091805130
181;-0.9528126396;-0.9528126396;-1.1852993230;-1.0463009640;-1.0436015650
182;-0.9318834088;-0.9318834088;-0.7464031169;-0.6937063256;-1.1337257750
183;-0.9072801867;-0.9072801867;-0.5431387210;-0.4442173385;-1.1049271850
184;-0.8790999726;-0.8790999726;0.1769801123;-0.5386755245;-0.9943309238
185;-0.8474538681;-0.8474538681;-1.5261027400;-0.8422763445;-0.9216812091
186;-0.8124666394;-0.8124666394;-1.3237717120;-1.0372490980;-0.8007354385
187;-0.7742762252;-0.7742762252;-0.2553591258;-1.0120570750;-0.5627063745
188;-0.7330331929;-0.7330331929;-0.9279329672;-0.9003465700;-0.4452170367
189;-0.6889001450;-0.6889001450;-1.3795329570;-0.7956061391;-0.7048766218
190;-0.6420510780;-0.6420510780;-0.4842797616;-0.6138892076;-1.1215467930
191;-0.5926706963;-0.5926706963;0.1839505879;-0.2708456530;-1.1942258250
192;-0.5409536844;-0.5409536844;-0.1870067420;0.1317871224;-0.8548829095
193;-0.4871039387;-0.4871039387;0.4915884389;0.3645621392;-0.5326234847
194;-0.4313337643;-0.4313337643;-0.1790625875;0.2783568593;-0.4282346140
195;-0.3738630375;-0.3738630375;0.5584014727;-0.0571066999;-0.2536000898
196;-0.3149183393;-0.3149183393;-0.4848242280;-0.3903110652;0.1419283567
197;-0.2547320616;-0.2547320616;-0.8246217628;-0.4815591741;0.4178101147
198;-0.1935414916;-0.1935414916;-0.2991032333;-0.3117458856;0.2657511875
199;-0.1315878758;-0.1315878758;0.4635345924;-0.0889423982;-0.1358463788
200;-0.0691154689;-0.0691154689;-0.6272198478;-0.0074584935;-0.4243013233
201;-0.0063705713;-0.0063705713;0.3112664961;-0.0355274910;-0.4732961618
202;0.0563994426;0.0563994426;-0.2443066205;-0.0135300464;-0.3406595639
203;0.1189470992;0.1189470992;0.3945394551;0.0721431596;-0.1080364301
204;0.1810258017;0.1810258017;-0.3688944257;0.0485020269;0.0825012267
205;0.2423908019;0.2423908019;0.2853860985;-0.1566411790;0.0922839391
206;0.3028001657;0.3028001657;-0.6994814951;-0.3057057597;-0.0184277155
207;0.3620157266;0.3620157266;0.1154717678;-0.0836739138;-0.0654140864
208;0.4198040245;0.4198040245;0.6508280304;0.4613015743;-0.0285721714
209;0.4759372266;0.4759372266;0.3154348805;0.8592195027;-0.0475717532
210;0.5301940252;0.5301940252;1.1484718510;0.7092261580;-0.1140266177
211;0.5823605105;0.5823605105;0.2667206822;0.1709838369;-0.0031699619
212;0.6322310139;0.6322310139;-0.5303745505;-0.1634237102;0.3821371383
213;0.6796089187;0.6796089187;0.0637906520;0.0938688893;0.7653806677
214;0.7243074354;0.7243074354;1.2521316290;0.7197406415;0.7575214590
215;0.7661503382;0.7661503382;0.7095383435;1.1572222430;0.3284518721
216;0.8049726595;0.8049726595;0.9945844709;1.1054231260;-0.0821266773
217;0.8406213407;0.8406213407;1.3127212040;0.7407370849;0.0239628961
218;0.8729558353;0.8729558353;-0.1872575088;0.4200721218;0.6528922194
219;0.9018486630;0.9018486630;0.5795092053;0.3229555484;1.2430166540
220;0.9271859127;0.9271859127;0.5750350485;0.4211406607;1.2514452030
221;0.9488676912;0.9488676912;0.4397990830;0.6545333664;0.7470483195
222;0.9668085170;0.9668085170;0.8757675828;0.9875502013;0.2747347611
223;0.9809376577;0.9809376577;1.7414442770;1.3117615940;0.2226608441
224;0.9911994084;0.9911994084;0.9719800265;1.4357013350;0.5093782125
225;0.9975533119;0.9975533119;1.6112773060;1.2618276580;0.8469712218
226;0.9999743176;0.9999743176;0.6518719176;0.9369512360;1.1006500350
227;0.9984528805;0.9984528805;1.0022151240;0.7446920942;1.2935608210
228;0.9929949989;0.9929949989;0.6015484767;0.8236464165;1.3870666580
229;0.9836221909;0.9836221909;1.2770914710;1.0326342950;1.2646601380
230;0.9703714091;0.9703714091;0.8447677218;1.1315014960;0.9591608529
231;0.9532948953;0.9532948953;1.1933628070;1.0700746710;0.7216900455
232;0.9324599744;0.9324599744;1.2665374920;1.0337964430;0.7607776211
233;0.9079487890;0.9079487890;0.8687881909;1.1852423330;0.9991155896
234;0.8798579756;0.8798579756;1.3244442850;1.4299443100;1.1837353680
235;0.8482982834;0.8482982834;2.0029420260;1.5150380160;1.1902604120
236;0.8133941378;0.8133941378;1.0757134780;1.3343262070;1.1287407940
237;0.7752831501;0.7752831501;0.7693894881;1.0373822020;1.1702676250
238;0.7341155744;0.7341155744;1.1906859830;0.8150092615;1.3404627170
239;0.6900537158;0.6900537158;0.7180240552;0.6799878390;1.4744680810
240;0.6432712900;0.6432712900;0.0897363426;0.5425205239;1.3660283220
241;0.5939527388;0.5939527388;0.8367015925;0.4296351625;1.0106428700
242;0.5422925028;0.5422925028;0.5397899659;0.4859603745;0.6550181344
243;0.4884942548;0.4884942548;0.3503853251;0.7336841751;0.5135274334
244;0.4327700966;0.4327700966;1.0709963330;0.9527073385;0.5316708482
245;0.3753397233;0.3753397233;1.3070400300;0.8915711474;0.5488843617
246;0.3164295567;0.3164295567;0.0551499058;0.5488650082;0.5625057784
247;0.2562718525;0.2562718525;0.3079840760;0.1591464713;0.6734698549
248;0.1951037853;0.1951037853;-0.2087207801;-0.0775167629;0.8460690817
249;0.1331665129;0.1331665129;0.4733858048;-0.1582371334;0.8609523091
250;0.0707042256;0.0707042256;-1.1115906980;-0.1644420567;0.5534240559
251;0.0079631838;0.0079631838;0.5030206198;-0.0995114254;0.0659379831
252;-0.0548092532;-0.0548092532;0.0546403072;0.0694823664;-0.2520592552
253;-0.1173656023;-0.1173656023;0.0134656277;0.2494328381;-0.2435589733
254;-0.1794592324;-0.1794592324;0.4272630151;0.2213575308;-0.0891737404
255;-0.2408453366;-0.2408453366;-0.3781788298;-0.1314887826;0.0109175055
256;-0.3012818974;-0.3012818974;-0.3678491228;-0.6412106426;0.0752305085
257;-0.3605306410;-0.3605306410;-0.9957807429;-0.9841908897;0.1466213738
258;-0.4183579768;-0.4183579768;-1.2501612030;-1.0039825130;0.0941719109
259;-0.4745359178;-0.4745359178;-0.8263130485;-0.8434410647;-0.2156155340
260;-0.5288429800;-0.5288429800;-0.3884027358;-0.7357606842;-0.6832328413
261;-0.5810650556;-0.5810650556;-0.8516697205;-0.7459163321;-1.0437902000
262;-0.6309962566;-0.6309962566;-1.2977616210;-0.7832482105;-1.1104138980
263;-0.6784397270;-0.6784397270;-0.1420965931;-0.7913649621;-0.9135151460
264;-0.7232084190;-0.7232084190;-1.0792511450;-0.8010483709;-0.6734861809
265;-0.7651258300;-0.7651258300;-0.7707686106;-0.8185962230;-0.6248097367
266;-0.8040266987;-0.8040266987;-0.8044352133;-0.8029873520;-0.7757272546
267;-0.8397576567;-0.8397576567;-0.9644757991;-0.7876134169;-0.8963646056
268;-0.8721778332;-0.8721778332;-0.6738901739;-0.8970228724;-0.8384587519
269;-0.9011594103;-0.9011594103;-1.0331660880;-1.1622033910;-0.7400939280
270;-0.9265881267;-0.9265881267;-1.7585935650;-1.4108090430;-0.7846979542
271;-0.9483637286;-0.9483637286;-1.4628512780;-1.4477642660;-0.9259134565
272;-0.9664003648;-0.9664003648;-0.8448530146;-1.3025509440;-1.0327515940
273;-0.9806269250;-0.9806269250;-1.6089219790;-1.1974437570;-1.1449161980
274;-0.9909873203;-0.9909873203;-1.1645789150;-1.2810538150;-1.3465709670
275;-0.9974407046;-0.9974407046;-1.4681268010;-1.4753212170;-1.5059939570
276;-0.9999616350;-0.9999616350;-1.5872417760;-1.5873567200;-1.4291887440
277;-0.9985401726;-0.9985401726;-1.5091110160;-1.4987042800;-1.2227533900
278;-0.9931819217;-0.9931819217;-1.1940152890;-1.2348618700;-1.2031188000
279;-0.9839080073;-0.9839080073;-0.8970751730;-0.9271128402;-1.4319335140
280;-0.9707549923;-0.9707549923;-1.0288142390;-0.7448428980;-1.6097627100
281;-0.9537747329;-0.9537747329;-0.4217151585;-0.8000367519;-1.4815977650
282;-0.9330341748;-0.9330341748;-1.0557273230;-1.0418351690;-1.1380094950
283;-0.9086150883;-0.9086150883;-1.6673846540;-1.2523203700;-0.8481051833
284;-0.8806137469;-0.8806137469;-0.8757466673;-1.2083925350;-0.7563216275
285;-0.8491405470;-0.8491405470;-0.8134541145;-0.8876211314;-0.8379317795
286;-0.8143195731;-0.8143195731;-0.6560516662;-0.5096761051;-1.0212174040
287;-0.7762881084;-0.7762881084;-0.5263752745;-0.3469946330;-1.1942768330
288;-0.7351960938;-0.7351960938;-0.0961540204;-0.4698258888;-1.1719926050
289;-0.6912055361;-0.6912055361;-0.9651136096;-0.6805736551;-0.8655483970
290;-0.6444898702;-0.6444898702;-0.5140856708;-0.7231759894;-0.4703124305
291;-0.5952332747;-0.5952332747;-0.6018216106;-0.5516704052;-0.2987225508
292;-0.5436299457;-0.5436299457;-0.8337619468;-0.3485632983;-0.4259735183
293;-0.4898833318;-0.4898833318;0.5782708796;-0.2789298149;-0.6404872337
294;-0.4342053312;-0.4342053312;-0.5630138891;-0.3088004917;-0.7143227975
295;-0.3768154571;-0.3768154571;-1.0815797020;-0.3109795887;-0.5936137873
296;-0.3179399714;-0.3179399714;0.5671104750;-0.2568550848;-0.3671124010
297;-0.2578109934;-0.2578109934;-0.0950380010;-0.1989513722;-0.1883612202
298;-0.1966655842;-0.1966655842;-0.7561853719;-0.1284348780;-0.1877852983
299;-0.1347448122;-0.1347448122;0.1754302575;0.0011679252;-0.3148917433
300;-0.0722928030;-0.0722928030;0.5625981206;0.1200359306;-0.3401728892
301;-0.0095557761;-0.0095557761;-0.4575770293;0.0797516809;-0.1656603744
302;0.0532189248;0.0532189248;0.1208066472;-0.0978862157;0.0172108238
303;0.1157838078;0.1157838078;0.0462638027;-0.1600013899;0.0424706371
304;0.1778922080;0.1778922080;-0.4038054390;0.0688498785;0.0081801647
305;0.2392992603;0.2392992603;0.8311590303;0.4152192322;0.0300241596
306;0.2997628648;0.2997628648;0.2920480339;0.5463053555;0.0359814041
307;0.3590446410;0.3590446410;0.6271539883;0.3907997675;-0.0131235549
308;0.4169108678;0.4169108678;0.0586965560;0.2112268837;0.0417221669
309;0.4731334053;0.4731334053;0.1453537105;0.2527607216;0.3036006638
310;0.5274905934;0.5274905934;0.6846719751;0.4906142407;0.5727269893
311;0.5797681267;0.5797681267;0.6331751647;0.7831630534;0.5622404383
312;0.6297598986;0.6297598986;1.5538680080;1.0886315660;0.3097021242
313;0.6772688144;0.6772688144;0.5397159767;1.3707334460;0.1901872306
314;0.7221075681;0.7221075681;1.8283846080;1.4243060190;0.4696123301
315;0.7640993810;0.7640993810;1.5183622590;1.0501812280;0.9744148458
316;0.8030786983;0.8030786983;-0.1694606016;0.4192042466;1.3116978750
317;0.8388918426;0.8388918426;-0.0013795462;0.0414382055;1.3276642730
318;0.8713976189;0.8713976189;0.5846305518;0.2491744339;1.1673836670
319;0.9004678717;0.9004678717;0.8075596080;0.8162632166;0.9210007582
320;0.9259879902;0.9259879902;0.9304550481;1.2022067620;0.5260342866
321;0.9478573604;0.9478573604;1.3663323060;1.1195536370;0.1290244311
322;0.9659897612;0.9659897612;0.6048544250;0.7723123043;0.1543124526
323;0.9803137048;0.9803137048;0.6195684663;0.5756844930;0.7182794904
324;0.9907727186;0.9907727186;0.8901822188;0.7357637099;1.2899187090
325;0.9973255672;0.9973255672;0.9870934867;1.1013261270;1.2903927960
326;0.9999464160;0.9999464160;1.1393914160;1.3495594250;0.8275813035
327;0.9986249319;0.9986249319;1.5277723390;1.2879831950;0.5173640981
328;0.9933663251;0.9933663251;1.3042029660;1.0144992930;0.7017763449
329;0.9841913279;0.9841913279;0.1088836837;0.8157187983;1.1314300970
330;0.9711361130;0.9711361130;1.3198098890;0.9030621446;1.3797632460
331;0.9542521513;0.9542521513;1.3599950830;1.2245194040;1.3036636030
332;0.9336060085;0.9336060085;1.2517784820;1.5079729950;1.0508809060
333;0.9092790828;0.9092790828;1.5643192540;1.4812211350;0.8517574673
334;0.8813672844;0.8813672844;1.0449160420;1.0916743410;0.8950981675
335;0.8499806567;0.8499806567;0.5134840747;0.5678893541;1.1971704920
336;0.8152429428;0.8152429428;0.7405791930;0.2543400836;1.4930886910
337;0.7772910977;0.7772910977;-0.4472177792;0.3130202105;1.4380441960
338;0.7362747483;0.7362747483;0.9729175544;0.5630060196;0.9945635630
339;0.6923556032;0.6923556032;0.7508284316;0.6657383306;0.4812487672
340;0.6457068157;0.6457068157;0.3501548964;0.4889388019;0.2177112501
341;0.5965123007;0.5965123007;0.2691584632;0.2310724727;0.2613464268
342;0.5449660097;0.5449660097;0.0046350841;0.1620515031;0.4692721406
343;0.4912711662;0.4912711662;0.4674057335;0.3119140280;0.6343344529
344;0.4356394645;0.4356394645;0.6253117331;0.4697808522;0.5760545197
345;0.3782902350;0.3782902350;0.2131097121;0.4365357713;0.3041256774
346;0.3194495797;0.3194495797;0.0695004541;0.2144016119;0.0925792424
347;0.2593494803;0.2593494803;0.2413601763;-0.0180912236;0.1886270713
348;0.1982268841;0.1982268841;0.1108467185;-0.0617622391;0.4498975192
349;0.1363227698;0.1363227698;-0.3423097696;0.1357643655;0.4917017178
350;0.0738811969;0.0738811969;0.7201551470;0.4025318898;0.2133212936
351;0.0111483442;0.0111483442;0.2316031656;0.4621152646;-0.0649810032
352;-0.0516284614;-0.0516284614;0.5888420100;0.2052358675;-0.0513055004
353;-0.1142017195;-0.1142017195;-0.3630666221;-0.1716956154;0.1751206686
354;-0.1763247323;-0.1763247323;-0.7356830511;-0.3696494689;0.3602052215
355;-0.2377525770;-0.2377525770;0.1660722327;-0.3235125693;0.3721745465
356;-0.2982430718;-0.2982430718;-0.2776432825;-0.2632434305;0.1936711582
357;-0.3575577301;-0.3575577301;-0.7356620329;-0.4231453233;-0.1390919174
358;-0.4154627014;-0.4154627014;-0.4600272753;-0.7521903228;-0.4510913926
359;-0.4717296927;-0.4717296927;-1.4761548540;-0.9617726577;-0.5149325320
360;-0.5261368688;-0.5261368688;0.0158221501;-0.8559692372;-0.3805219985
361;-0.5784697273;-0.5784697273;-1.0690650090;-0.5819565836;-0.3917019383
362;-0.6285219433;-0.6285219433;-0.9727662620;-0.4971789210;-0.6980919405
363;-0.6760961839;-0.6760961839;-0.0063564430;-0.7441048526;-0.9859082300
364;-0.7210048856;-0.7210048856;-1.1756264660;-1.0249172240;-0.9199583282
365;-0.7630709938;-0.7630709938;-0.9694998581;-0.9481860427;-0.6380461830
366;-0.8021286610;-0.8021286610;-1.0552102540;-0.5941826884;-0.5301550520
367;-0.8380239006;-0.8380239006;-0.0281500011;-0.4955652836;-0.6935866302
368;-0.8706151942;-0.8706151942;-0.8301648386;-0.9098110999;-0.8931593020
369;-0.8997740490;-0.8997740490;-1.4403022940;-1.3454300180;-0.9326203917
370;-0.9253855050;-0.9253855050;-1.4876444110;-1.1358967160;-0.8200287164
371;-0.9473485879;-0.9473485879;-0.0795104166;-0.3920308438;-0.6915682136
372;-0.9655767074;-0.9655767074;0.0031525909;0.0294201509;-0.7320961663
373;-0.9799979981;-0.9799979981;-0.1624638889;-0.3855960685;-0.9780491407
374;-0.9905556036;-0.9905556036;-1.6185256870;-1.1316430950;-1.1072708890
375;-0.9972079001;-0.9972079001;-1.1039766530;-1.3793220300;-0.7544690439
376;-0.9999286605;-0.9999286605;-1.0993946850;-1.0742166510;-0.1684341317
377;-0.9987071582;-0.9987071582;-0.8449575694;-0.9012840275;-0.1149033348
378;-0.9935482089;-0.9935482089;-1.2797109370;-1.2130791410;-0.8460467896
379;-0.9844721521;-0.9844721521;-1.4732963360;-1.4949767830;-1.6029433800
380;-0.9715147705;-0.9715147705;-1.1949194740;-1.1351853230;-1.5747511630
381;-0.9547271491;-0.9547271491;-0.4136811987;-0.3737068754;-1.0042341380
382;-0.9341754740;-0.9341754740;0.2521485007;-0.0478381445;-0.7774961210
383;-0.9099407709;-0.9099407709;-0.7952966029;-0.4705475796;-1.1014406850
384;-0.8821185863;-0.8821185863;-1.0154301540;-1.0080474780;-1.2496575960
385;-0.8508186103;-0.8508186103;-0.4999825219;-0.9409834247;-0.7219118736
386;-0.8161642446;-0.8161642446;-1.0599594900;-0.4106673055;-0.0572595178
387;-0.7782921153;-0.7782921153;0.1529477473;-0.1644605425;-0.0927993759
388;-0.7373515352;-0.7373515352;-0.1839259800;-0.5030731831;-0.7588998377
389;-0.6935039141;-0.6935039141;-1.3072867750;-0.9064927204;-1.1570182840
390;-0.6469221234;-0.6469221234;-0.9818646784;-0.8063154208;-0.7860260667
391;-0.5977898137;-0.5977898137;0.0726749125;-0.3662500402;-0.1795595325
392;-0.5463006913;-0.5463006913;-0.3522590332;-0.1957525028;-0.1389760592
393;-0.4926577544;-0.4926577544;-0.2961282901;-0.4753212536;-0.6716071972
394;-0.4370724927;-0.4370724927;-1.2907392820;-0.7495832901;-1.0215975490
395;-0.3797640534;-0.3797640534;-0.2658347311;-0.6150427721;-0.7010705743
396;-0.3209583776;-0.3209583776;0.0218580513;-0.2749779457;-0.1503432212
397;-0.2608873093;-0.2608873093;-0.5792823658;-0.2115210099;-0.1206009244
398;-0.1997876813;-0.1997876813;-0.7010904584;-0.4970371372;-0.6047772856
399;-0.1379003816;-0.1379003816;-0.2307107180;-0.7008783646;-0.8593230465
400;-0.0754694035;-0.0754694035;-0.6024857606;-0.4667848994;-0.5162866767
401;-0.0127408840;-0.0127408840;-0.0485106285;0.0418412040;-0.1103649790
402;0.0500378670;0.0500378670;0.1896370769;0.3813526498;-0.2206858086
403;0.1126193415;0.1126193415;0.7992570128;0.3848443837;-0.5892857573
404;0.1747568093;0.1747568093;0.2646773254;0.3087748268;-0.5510350093
405;0.2362052907;0.2362052907;-0.0348029875;0.4323547171;-0.0079783512
406;0.2967225224;0.2967225224;1.1138178130;0.6869091832;0.5137241536
407;0.3560699124;0.3560699124;0.7686774881;0.7985814584;0.6172990029
408;0.4140134811;0.4140134811;0.5293940522;0.6941612471;0.4447224441
409;0.4703247835;0.4703247835;0.8061417564;0.5802283553;0.3743421728
410;0.5247818097;0.5247818097;0.2707428695;0.6223259069;0.5633175155
411;0.5771698605;0.5771698605;1.0053456590;0.7362137514;0.8197840656
412;0.6272823937;0.6272823937;0.7615341205;0.7814997652;0.8571122669
413;0.6749218385;0.6749218385;0.9874094266;0.7964118624;0.6569958193
414;0.7199003742;0.7199003742;0.1962314054;0.8776715111;0.5098373899
415;0.7620406711;0.7620406711;1.5298758620;0.9376043191;0.6359860679
416;0.8011765890;0.8011765890;1.0183894580;0.8134609485;0.8850746488
417;0.8371538330;0.8371538330;-0.1214140935;0.6151132725;0.9583966169
418;0.8698305611;0.8698305611;1.1048003230;0.7106829425;0.8375104831
419;0.8990779440;0.8990779440;1.5362535100;1.2265166390;0.7617773397
420;0.9247806725;0.9247806725;1.2440518980;1.7376335890;0.8161434311
421;0.9468374125;0.9468374125;1.6372286510;1.6916734930;0.8600567436
422;0.9651612043;0.9651612043;1.6250826320;1.1025130880;0.9015614079
423;0.9796798056;0.9796798056;0.5249651874;0.5858819242;1.1463358490
424;0.9903359761;0.9903359761;-0.1624665500;0.6368831101;1.5448743260
425;0.9970877035;0.9970877035;1.8914528260;1.0713581770;1.6746767090
426;0.9999083687;0.9999083687;1.1953072730;1.3253942660;1.2770380060
427;0.9987868511;0.9987868511;1.0089486890;1.1472236800;0.6709986193
428;0.9937275725;0.9937275725;0.7907390708;0.7749888828;0.4531972906
429;0.9847504791;0.9847504791;0.2173032047;0.5205973299;0.8343680370
430;0.9718909637;0.9718909637;1.0825775150;0.4540245393;1.3534838040
431;0.9551997253;0.9551997253;0.2679603982;0.5201653476;1.3578229140
432;0.9347425700;0.9347425700;0.5150998046;0.6944070701;0.7896819457
433;0.9106001509;0.9106001509;0.8062788711;0.8948899219;0.2750826752
434;0.8828676507;0.8828676507;1.2608241500;0.9520464612;0.3132167289
435;0.8516544059;0.8516544059;1.0395216320;0.8432722048;0.6777107865
436;0.8170834761;0.8170834761;0.1443769933;0.8031751083;0.8650615113
437;0.7792911588;0.7792911588;1.5202292820;0.9949409730;0.8244199633
438;0.7384264517;0.7384264517;0.7547945205;1.1876210190;0.8503575816
439;0.6946504659;0.6946504659;1.6298768790;1.0149826400;0.9813502524
440;0.6481357900;0.6481357900;0.0436405280;0.5172423448;0.9947437582
441;0.5990658103;0.5990658103;0.2077498764;0.1452404664;0.8944628535
442;0.5476339872;0.5476339872;0.1639847252;0.1594775247;0.8960832591
443;0.4940430931;0.4940430931;0.4404430407;0.2813874644;0.9333302574
444;0.4385044123;0.4385044123;-0.0500239237;0.1092276309;0.6813793706
445;0.3812369085;0.3812369085;-0.1007571498;-0.3029692078;0.1630454071
446;0.3224663615;0.3224663615;-0.8671198149;-0.5195495473;-0.1440649147
447;0.2624244766;0.2624244766;-0.1566694807;-0.3091540517;-0.0074104747
448;0.2013479717;0.2013479717;0.3300207892;0.0785214148;0.1634565195
449;0.1394776435;0.1394776435;0.0475606435;0.2546177586;-0.0738003792
450;0.0770574186;0.0770574186;-0.0067502295;0.1256541807;-0.4899651793
451;0.0143333915;0.0143333915;-0.0441610629;-0.1020308422;-0.4902457016
452;-0.0484471457;-0.0484471457;0.0357969412;-0.2263855872;0.0021556434
453;-0.1110366779;-0.1110366779;-0.3616398261;-0.2355535644;0.3992816116
454;-0.1731884431;-0.1731884431;-0.5257266549;-0.2353609853;0.2530183761
455;-0.2346574053;-0.2346574053;0.0194249367;-0.2964220788;-0.1779520596
456;-0.2952012202;-0.2952012202;-0.5056619881;-0.3951257214;-0.3792371827
457;-0.3545811914;-0.3545811914;-0.2400145054;-0.4698058466;-0.2854751315
458;-0.4125632107;-0.4125632107;-0.8923117239;-0.5081127644;-0.2148489337
459;-0.4689186813;-0.4689186813;-0.5419399754;-0.5542183219;-0.3134529112
460;-0.5234254194;-0.5234254194;-0.1511564058;-0.6200655074;-0.4363599134
461;-0.5758685297;-0.5758685297;-1.0211165460;-0.6462579808;-0.4886682055
462;-0.6260412530;-0.6260412530;-0.5565103237;-0.6179264180;-0.5396502248
463;-0.6737457811;-0.6737457811;-0.7918179297;-0.6651716318;-0.6096236068
464;-0.7187940368;-0.7187940368;-0.7565236013;-0.9140851720;-0.6271916501
465;-0.7610084154;-0.7610084154;-0.9402943718;-1.2335259910;-0.6133694089
466;-0.8002224848;-0.8002224848;-1.8390399120;-1.2927986490;-0.6785062207
467;-0.8362816418;-0.8362816418;-0.9080544969;-0.9649072175;-0.8310778078
468;-0.8690437217;-0.8690437217;-0.1723729842;-0.5561783594;-0.9825042469
469;-0.8983795584;-0.8983795584;-0.5724775126;-0.4953757108;-1.1033264520
470;-0.9241734942;-0.9241734942;-1.1127402730;-0.8393125809;-1.1702432750
471;-0.9463238353;-0.9463238353;-1.2770453650;-1.2191146520;-1.0462060530
472;-0.9647432530;-0.9647432530;-0.8402642650;-1.2806478320;-0.6997573879
473;-0.9793591280;-0.9793591280;-1.1711172070;-1.0637558530;-0.4641084256
474;-0.9901138366;-0.9901138366;-1.2543537390;-0.8941762966;-0.6996977974
475;-0.9969649777;-0.9969649777;-0.9692707956;-0.9757600803;-1.2138889100
476;-0.9998855406;-0.9998855406;-0.3730012550;-1.1845775820;-1.4306718280
477;-0.9988640107;-0.9988640107;-2.2588658300;-1.2737492120;-1.1748820560
478;-0.9939044154;-0.9939044154;-0.7014763553;-1.1979804680;-0.8706284658
479;-0.9850263083;-0.9850263083;-1.4890585170;-1.1430575310;-0.8955136645
480;-0.9722646916;-0.9722646916;-0.5001222793;-1.2393565380;-1.1433838590
481;-0.9556698785;-0.9556698785;-2.1676484450;-1.3613875450;-1.3176807490
482;-0.9353072949;-0.9353072949;-1.0472230090;-1.2997134370;-1.3117120910
483;-0.9112572211;-0.9112572211;-0.8822222798;-1.0715405380;-1.2116194370
484;-0.8836144756;-0.8836144756;-1.0959214830;-0.9345420559;-1.1584567940
485;-0.8524880412;-0.8524880412;-0.9539470138;-1.0726538880;-1.2246692440
486;-0.8180006351;-0.8180006351;-1.5745391250;-1.3560044240;-1.2990529650
487;-0.7802882255;-0.7802882255;-1.3434641560;-1.4618199530;-1.2006313520
488;-0.7394994953;-0.7394994953;-1.1470005740;-1.2008387340;-0.9959583851
489;-0.6957952557;-0.6957952557;-0.5124881208;-0.7053946154;-0.9869028151
490;-0.6493478127;-0.6493478127;-0.9424011919;-0.3221028720;-1.2503254090
491;-0.6003402874;-0.6003402874;0.1683642256;-0.3161199692;-1.4287953120
492;-0.5489658941;-0.5489658941;-0.4789301298;-0.6333586044;-1.1770238590
493;-0.4954271785;-0.4954271785;-1.4268105110;-0.9412198659;-0.6394869800
494;-0.4399352195;-0.4399352195;-0.6670317680;-0.9413431936;-0.2719390327
495;-0.3827087966;-0.3827087966;-0.7087458492;-0.6527235232;-0.3113074027
496;-0.3239735274;-0.3239735274;-0.2723145889;-0.3570174714;-0.6153034129
497;-0.2639609783;-0.2639609783;-0.3742767892;-0.2763144676;-0.9021426250
498;-0.2029077514;-0.2029077514;-0.3424294346;-0.3663231491;-0.9532961743
499;-0.1410545517;-0.1410545517;-0.5078855583;-0.4348166596;-0.7049886542
500;-0.0786452383;-0.0786452383;-0.1109120284;-0.3824743406;-0.3336678972
501;-0.0159258626;-0.0159258626;-0.7379278955;-0.2694697953;-0.1515927748
502;0.0468563015;0.0468563015;0.3530264477;-0.1938571268;-0.2695947048
503;0.1094537326;0.1094537326;-0.5522977483;-0.1764447757;-0.4583764706
504;0.1716196376;0.1716196376;-0.1591687007;-0.1515989658;-0.4490977899
505;0.2331089246;0.2331089246;0.1600516720;-0.0164264211;-0.2594933880
506;0.2936791693;0.2936791693;0.4177216485;0.2955849789;-0.1097633988
507;0.3530915711;0.3530915711;0.3147752924;0.7250310404;-0.0994534035
508;0.4111118937;0.4111118937;1.2801968790;1.0730655550;-0.0906252499
509;0.4675113897;0.4675113897;1.2784973400;1.1478730690;0.0956962486
510;0.5220677014;0.5220677014;0.8352856498;0.9444353515;0.4564131865
511;0.5745657382;0.5745657382;0.6204725333;0.6297833659;0.8295703688
512;0.6247985243;0.6247985243;0.2209950010;0.3566069112;1.0735688770
513;0.6725680147;0.6725680147;0.4418994676;0.1798789011;1.1239477640
514;0.7176858761;0.7176858761;0.0147012790;0.1651350485;0.9401463986
515;0.7599742294;0.7599742294;0.5727094130;0.4250570108;0.5648959340
516;0.7992663508;0.7992663508;0.5638107326;0.9235317677;0.2118688997
517;0.8354073294;0.8354073294;1.7110551430;1.3423354840;0.1194858395
518;0.8682546779;0.8682546779;1.2448669870;1.3434435430;0.3118655768
519;0.8976788941;0.8976788941;0.9301735648;0.9913264508;0.6325827078
520;0.9235639717;0.9235639717;0.7771818424;0.7516253947;0.9663800141
521;0.9458078578;0.9458078578;0.9872192814;0.9726646247;1.2562124400
522;0.9643228547;0.9643228547;1.3474185950;1.4688533430;1.3623408110
523;0.9790359663;0.9790359663;2.0974609050;1.7435368090;1.1705462060
524;0.9898891856;0.9898891856;1.1533325480;1.5793670680;0.8781932270
525;0.9968397231;0.9968397231;1.4284916940;1.2640893730;0.8998811785
526;0.9998601762;0.9998601762;1.3395534770;1.2011749030;1.3441187300
527;0.9989386365;0.9989386365;1.2763174490;1.4197808080;1.7858407800
528;0.9940787373;0.9940787373;1.4948939510;1.5780850010;1.7598209660
529;0.9852996389;0.9852996389;1.6149822130;1.4123584370;1.3576290090
530;0.9726359533;0.9726359533;0.9947114859;1.0600542030;1.0980727670
531;0.9561376077;0.9561376077;0.7990687703;0.8847010189;1.2460646220
532;0.9358696474;0.9358696474;1.0492234680;1.0435411250;1.5127426930
533;0.9119119799;0.9119119799;1.4102579460;1.3141810830;1.4839942220
534;0.8843590592;0.8843590592;1.4923149190;1.3583498760;1.1442089520
535;0.8533195141;0.8533195141;0.5819683062;1.0981728010;0.8601930535
536;0.8189157192;0.8189157192;1.2750298900;0.7845063798;0.9292305369
537;0.7812833130;0.7812833130;0.6952127469;0.7028915093;1.2345749700
538;0.7405706630;0.7405706630;0.5725933444;0.8553294988;1.3788514460
539;0.6969382805;0.6969382805;0.9676816688;0.9655467465;1.1526135380
540;0.6505581883;0.6505581883;1.1166137950;0.7943587571;0.7804506115
541;0.6016132417;0.6016132417;0.3164869179;0.4131949568;0.6229203589
542;0.5502964084;0.5502964084;-0.1990062808;0.1373238640;0.7392658743
543;0.4968100073;0.4968100073;0.4716371853;0.2019109392;0.8726127447
544;0.4413649109;0.4413649109;0.7178772978;0.5310441337;0.7776363798
545;0.3841797139;0.3841797139;0.4259286573;0.8172795978;0.4555041093
546;0.3254798715;0.3254798715;1.1142416280;0.8016314841;0.1507904278
547;0.2654968103;0.2654968103;0.1001097088;0.4867516046;0.1552644859
548;0.2044670163;0.2044670163;0.6020444323;0.1099189424;0.4973535532
549;0.1426311021;0.1426311021;-0.2497689731;-0.0957602120;0.8369399894
550;0.0802328585;0.0802328585;-0.5513278850;-0.1341569918;0.8085284194
551;0.0175182933;0.0175182933;0.3508457864;-0.2167458001;0.4278352651
552;-0.0452653385;-0.0452653385;-0.7415814410;-0.4693995542;0.0154656044
553;-0.1078705097;-0.1078705097;-0.7581517421;-0.7288328617;-0.2076373739
554;-0.1700503968;-0.1700503968;-0.4725614763;-0.7358469292;-0.2825312018
555;-0.2315598526;-0.2315598526;-0.9758421048;-0.5087629528;-0.3444551752
556;-0.2921563735;-0.2921563735;-0.0128848945;-0.3697556827;-0.4672077798
557;-0.3516010551;-0.3516010551;-0.4902782008;-0.5377722420;-0.6327451325
558;-0.4096595340;-0.4096595340;-1.0565019140;-0.8404413399;-0.7325295802
559;-0.4661029122;-0.4661029122;-0.9103205029;-0.9704473446;-0.6577625288
560;-0.5207086591;-0.5207086591;-1.0139686970;-0.9288598209;-0.4821181429
561;-0.5732614893;-0.5732614893;-0.6090703115;-0.9998124271;-0.4632019058
562;-0.6235542107;-0.6235542107;-1.8308496780;-1.2768789710;-0.7349893241
563;-0.6713885423;-0.6713885423;-1.0185630480;-1.4459294550;-1.0806111570
564;-0.7165758950;-0.7165758950;-1.4122704010;-1.1909298390;-1.1908490950
565;-0.7589381156;-0.7589381156;-0.5941142160;-0.6823167620;-1.0965308990
566;-0.7983081894;-0.7983081894;-0.4990359494;-0.4442742952;-1.0952719720
567;-0.8345308980;-0.8345308980;-0.7609431989;-0.7381599379;-1.2410419160
568;-0.8674634317;-0.8674634317;-0.9181829271;-1.2638726530;-1.2191005780
569;-0.8969759527;-0.8969759527;-2.2144663740;-1.5430129370;-0.8596771782
570;-0.9229521066;-0.9229521066;-0.9089253995;-1.4480633050;-0.5036370885
571;-0.9452894811;-0.9452894811;-1.3834445440;-1.2297114820;-0.6216142830
572;-0.9639000103;-0.9639000103;-1.0966387340;-1.1328822080;-1.1922720340
573;-0.9787103212;-0.9787103212;-1.1424992760;-1.1643705440;-1.6800967740
574;-0.9896620236;-0.9896620236;-1.5687857670;-1.2037958550;-1.6445858270
575;-0.9967119400;-0.9967119400;-0.7066853347;-1.1583247300;-1.2303830320
576;-0.9998322756;-0.9998322756;-0.8799544120;-0.9824831383;-0.9527615188
577;-0.9990107285;-0.9990107285;-1.1744531880;-0.7146813950;-1.0552825750
578;-0.9942505376;-0.9942505376;-0.5482012958;-0.5503343954;-1.2528933860
579;-0.9855704702;-0.9855704702;-0.1964210523;-0.7029074070;-1.1721943450
580;-0.9730047479;-0.9730047479;-1.5270917140;-1.0842512790;-0.8559316870
581;-0.9566029115;-0.9566029115;-0.9695684350;-1.2920855970;-0.6397046600
582;-0.9364296260;-0.9364296260;-1.4917434840;-1.0888869080;-0.6698111839
583;-0.9125644255;-0.9125644255;-0.5371473367;-0.7576374236;-0.8180084800
584;-0.8851013996;-0.8851013996;-0.6350178836;-0.7436720147;-0.9831676082
585;-0.8541488225;-0.8541488225;-1.1127792650;-1.0227677510;-1.1498438230
586;-0.8198287261;-0.8198287261;-1.0994334710;-1.1345373170;-1.1932529450
587;-0.7822764188;-0.7822764188;-1.1589617290;-0.8755132308;-0.9850759209
588;-0.7416399523;-0.7416399523;-0.2787336057;-0.6138203977;-0.7096668611
589;-0.6980795376;-0.6980795376;-0.8223396971;-0.7177998707;-0.7214057120
590;-0.6517669136;-0.6517669136;-0.7266841723;-0.9560935740;-1.0065808220
591;-0.6028846699;-0.6028846699;-1.2320923590;-0.8116564412;-1.1238493400
592;-0.5516255269;-0.5516255269;-0.3953155890;-0.2667250650;-0.8394627313
593;-0.4981915759;-0.4981915759;0.8469468921;0.1184156491;-0.5087161381
594;-0.4427934827;-0.4427934827;-0.2979453367;-0.0479218314;-0.5459076688
595;-0.3856496567;-0.3856496567;-1.0970511600;-0.5099821862;-0.7470698021
596;-0.3269853900;-0.3269853900;-0.2035925323;-0.7798380294;-0.5644441619
597;-0.2670319690;-0.2670319690;-0.9849184095;-0.7389153255;-0.0147176159
598;-0.2060257627;-0.2060257627;-0.1317391991;-0.5806893869;0.1962696427
599;-0.1442072907;-0.1442072907;-0.9907435752;-0.3655647190;-0.3214950363
600;-0.0818202752;-0.0818202752;0.2777739653;0.0228437985;-0.9818187515
601;-0.0191106796;-0.0191106796;0.5517757357;0.5172666990;-0.9945651001
602;0.0436742607;0.0436742607;0.8196423984;0.7889594528;-0.4287031669
603;0.1062870132;0.1062870132;0.7981020704;0.6462088867;0.0438915478
604;0.1684807246;0.1684807246;-0.2105654026;0.3131587128;0.1969966652
605;0.2300101932;0.2300101932;0.4513415640;0.1654476316;0.3861005597
606;0.2906328366;0.2906328366;0.7461817873;0.2943198784;0.7226975567
607;0.3501096472;0.3501096472;-0.1869331614;0.4678079018;0.8030467461
608;0.4082061351;0.4082061351;0.5090870898;0.4668890508;0.4323243027
609;0.4646932524;0.4646932524;0.8461248640;0.3243949562;0.0546201290
610;0.5193482961;0.5193482961;-0.1247453026;0.2295039228;0.1270680348
611;0.5719557862;0.5719557862;0.0954748739;0.3092862721;0.4638552545
612;0.6223083155;0.6223083155;1.0113955660;0.5523803145;0.5778889803
613;0.6702073669;0.6702073669;0.6670418321;0.8674305259;0.3876583971
614;0.7154640962;0.7154640962;0.9777075010;1.1303351490;0.2237956727
615;0.7579000768;0.7579000768;1.4400359750;1.2078290730;0.3296615341
616;0.7973480030;0.7973480030;1.0383676680;1.0494436730;0.6473300425
617;0.8336523497;0.8336523497;0.4401194272;0.7976880054;0.9813592819
618;0.8666699852;0.8666699852;1.2426696180;0.7152547502;1.1759112260
619;0.8962707362;0.8962707362;0.8128267812;0.9089990591;1.1738653490
620;0.9223379003;0.9223379003;0.5142238451;1.1725483640;1.0195963570
621;0.9447687067;0.9447687067;1.9918013010;1.2174926540;0.8380365187
622;0.9634747209;0.9634747209;1.0035509870;1.0493332190;0.7720536289
623;0.9783821936;0.9783821936;0.5097346589;0.9744258115;0.8811575480
624;0.9894323514;0.9894323514;1.3073017410;1.1881485210;1.0894364140
625;0.9965816286;0.9965816286;1.8375956260;1.4968339790;1.2421602690
626;0.9998018389;0.9998018389;1.2966189250;1.5637165090;1.2262193950
627;0.9990802865;0.9990802865;1.3941567240;1.3364235420;1.1015572350
628;0.9944198160;0.9944198160;1.0470467390;1.0787915710;1.1021122260
629;0.9858388016;0.9858388016;0.9065495208;1.0131030960;1.3507184280
630;0.9733710744;0.9733710744;1.4088248000;1.0844457890;1.5953639640
631;0.9570657889;0.9570657889;0.8596863247;1.0969404520;1.4801910500
632;0.9369872294;0.9369872294;0.9747244721;0.9519228500;1.0757473220
633;0.9132145564;0.9132145564;0.6498971340;0.7051281119;0.8320793035
634;0.8858414949;0.8858414949;0.5430993047;0.4936355727;0.9520695227
635;0.8549759644;0.8549759644;0.7207821400;0.4570560751;1.1190887340
636;0.8207396534;0.8207396534;0.2265666711;0.6257584156;0.9768203028
637;0.7832675402;0.7832675402;0.9075570301;0.8163790704;0.6222461219
638;0.7427073603;0.7427073603;0.7939331689;0.7473359522;0.4195715896
639;0.6992190239;0.6992190239;0.6787155854;0.3767144211;0.4949204998
640;0.6529739858;0.6529739858;-0.4708171709;0.0466090940;0.6534748387
641;0.6041545690;0.6041545690;0.3487663308;0.1301814651;0.7058962168
642;0.5529532461;0.5529532461;0.6775745668;0.5493778800;0.6265593959
643;0.4995718808;0.4995718808;0.6841702381;0.8133849204;0.4342719368
644;0.4442209314;0.4442209314;0.5338192416;0.5947111513;0.1919021289
645;0.3871186214;0.3871186214;0.3684769152;0.1244845963;0.1143865396
646;0.3284900791;0.3284900791;-0.4731648539;-0.1030950562;0.3675199134
647;0.2685664503;0.2685664503;0.4382524698;0.0735236701;0.7193583706
648;0.2075839864;0.2075839864;0.1420165791;0.3487752892;0.7075225086
649;0.1457831136;0.1457831136;0.3883780098;0.3936122844;0.2523475222
650;0.0834074843;0.0834074843;0.3827828332;0.2385777943;-0.1703628633
651;0.0207030174;0.0207030174;-0.0223124258;0.1111181909;-0.1138699334
652;-0.0420830720;-0.0420830720;0.1205629513;0.0430879639;0.2859629813
653;-0.1047032471;-0.1047032471;-0.2722748619;-0.1384625444;0.5219002822
654;-0.1669106250;-0.1669106250;-0.3281352269;-0.4450531281;0.3516431490
655;-0.2284599505;-0.2284599505;-0.4196470131;-0.6016280407;0.0062849176
656;-0.2891085625;-0.2891085625;-0.7657940289;-0.4293377661;-0.2031244622
657;-0.3486173513;-0.3486173513;-0.2318295518;-0.1764501614;-0.2601314729
658;-0.4067517009;-0.4067517009;0.2108706244;-0.2239600487;-0.3394701247
659;-0.4632824139;-0.4632824139;-0.7525482138;-0.5270176887;-0.4815822828
660;-0.5179866157;-0.5179866157;-0.7687553002;-0.6464110767;-0.5289481533
661;-0.5706486324;-0.5706486324;-0.2092168743;-0.4066713438;-0.3848507442
662;-0.6210608418;-0.6210608418;-0.6013115991;-0.2236155853;-0.2182455387
663;-0.6690244915;-0.6690244915;0.1016148915;-0.5407102930;-0.2844457623
664;-0.7143504826;-0.7143504826;-1.5648769030;-1.1352317510;-0.5477573240
665;-0.7568601156;-0.7568601156;-1.2737307690;-1.3333614870;-0.6791073547
666;-0.7963857942;-0.7963857942;-1.1782396130;-0.8995102395;-0.5468005429
667;-0.8327716868;-0.8327716868;0.2554412946;-0.3711906899;-0.4878994147
668;-0.8658743403;-0.8658743403;-0.6500682904;-0.3701487248;-0.8248432138
669;-0.8955632462;-0.8955632462;-1.1174458370;-0.8352152147;-1.2651581570
670;-0.9217213546;-0.9217213546;-0.9067234204;-1.1750326140;-1.1901380080
671;-0.9442455359;-0.9442455359;-1.1020809710;-1.0461564900;-0.5779082850
672;-0.9630469876;-0.9630469876;-0.4741241352;-0.7016155693;-0.1859542473
673;-0.9780515842;-0.9780515842;-0.9689041473;-0.5644058996;-0.5529550273
674;-0.9892001694;-0.9892001694;-0.5802187526;-0.7057886362;-1.2086955900
675;-0.9964487894;-0.9964487894;-0.6452782392;-0.8801119054;-1.3106602170
676;-0.9997688662;-0.9997688662;-1.1154041480;-0.9320203542;-0.8012040243
677;-0.9991473102;-0.9991473102;-1.0559921000;-0.9663204846;-0.4002940699
678;-0.9945865720;-0.9945865720;-0.9306163127;-1.1067526700;-0.5559244874
679;-0.9861046324;-0.9861046324;-1.3858094820;-1.2561853240;-0.9523194467
680;-0.9737349319;-0.9737349319;-1.0930409100;-1.2259491950;-1.1216001190
681;-0.9575262386;-0.9575262386;-1.0022578570;-1.0424222010;-1.0633686290
682;-0.9375424560;-0.9375424560;-1.4491745420;-0.9556171316;-1.0542083130
683;-0.9138623709;-0.9138623709;-0.4450934092;-1.0917155200;-1.1649910500
684;-0.8865793433;-0.8865793433;-1.4524389850;-1.2485229190;-1.2280323970
685;-0.8558009375;-0.8558009375;-1.2111519810;-1.1786747290;-1.1461153460
686;-0.8216484989;-0.8216484989;-1.4063989300;-0.9715621098;-1.0215148560
687;-0.7842566749;-0.7842566749;-0.2515381027;-0.9269449991;-0.9999359416
688;-0.7437728845;-0.7437728845;-1.0839697560;-1.0579624240;-1.1023354510
689;-0.7003567367;-0.7003567367;-1.5632430650;-0.9975535611;-1.2034381810
690;-0.6541794016;-0.6541794016;-0.2475796018;-0.5407536079;-1.1460098500
691;-0.6054229355;-0.6054229355;0.1155103736;-0.0499254525;-0.9334347393
692;-0.5542795628;-0.5542795628;-0.2181434617;-0.0492072559;-0.7650211870
693;-0.5009509186;-0.5009509186;-0.4316184408;-0.5069840143;-0.7373786683
694;-0.4456472532;-0.4456472532;-0.8754142166;-0.8235020342;-0.6330542671
695;-0.3885866040;-0.3885866040;-0.7647118831;-0.5805469619;-0.2852885492
696;-0.3299939350;-0.3299939350;0.2848136069;-0.0455109709;-0.0038327095
697;-0.2701002504;-0.2701002504;0.3052769262;0.2194478289;-0.2073002592
698;-0.2091416836;-0.2091416836;-0.5131541893;0.0662073906;-0.6931254154
699;-0.1473585666;-0.1473585666;0.2557203915;-0.1490969837;-0.7694518635
700;-0.0849944819;-0.0849944819;0.0235719443;-0.1222601558;-0.2107099446
701;-0.0222953028;-0.0222953028;-0.2090258379;0.0062474205;0.3686313640
702;0.0404917766;0.0404917766;-0.3755234407;-0.0820068134;0.3378522712
703;0.1031192154;0.1031192154;0.2465523659;-0.3769515439;-0.1156622867
704;0.1653401021;0.1653401021;-0.7441057097;-0.4913655763;-0.3458764111
705;0.2269091282;0.2269091282;-0.5596165728;-0.1290686528;-0.1823563445
706;0.2875835551;0.2875835551;1.2954163960;0.5345971655;-0.0364663893
707;0.3471241711;0.3471241711;0.3111331591;1.0266229010;-0.1745976098
708;0.4052962348;0.4052962348;1.7197509440;1.0714058460;-0.3287644593
709;0.4618704003;0.4618704003;0.3402119258;0.8205664801;-0.0947860555
710;0.5166236214;0.5166236214;0.6032618685;0.6124453056;0.5339071930
711;0.5693400311;0.5693400311;1.0309435700;0.6118688999;1.1237628700
712;0.6198117927;0.6198117927;0.5305352933;0.7270229946;1.2368481390
713;0.6678399190;0.6678399190;0.4069874656;0.8001908420;0.8863732024
714;0.7132350571;0.7132350571;1.4292160440;0.7921908303;0.5170468108
715;0.7558182345;0.7558182345;0.3207595113;0.7830240431;0.4964720404
716;0.7954215653;0.7954215653;1.1991924610;0.8480056323;0.7290181697
717;0.8318889116;0.8318889116;0.5765715894;0.9653117983;0.8807152950
718;0.8650764992;0.8650764992;1.2368335660;1.0455356720;0.8476122148
719;0.8948534846;0.8948534846;1.3188026370;1.0427032110;0.7994194688
720;0.9211024708;0.9211024708;0.5061521120;1.0126639740;0.8592825740
721;0.9437199699;0.9437199699;1.2102171870;1.0345122840;0.9728020610
722;0.9626168115;0.9626168115;1.4790410180;1.0869109280;1.0539125820
723;0.9777184940;0.9777184940;0.4517065113;1.0580470770;1.0775605920
724;0.9889654783;0.9889654783;1.1700223480;0.9048230669;1.0535182400
725;0.9963134227;0.9963134227;0.9779201142;0.7473175956;1.0200742380
726;0.9997333575;0.9997333575;0.3859155696;0.7301488493;1.0147772510
727;0.9992117996;0.9992117996;0.8616623626;0.8042795606;1.0025932030
728;0.9947508052;0.9947508052;0.9145331844;0.7508714376;0.9156885693
729;0.9863679619;0.9863679619;0.4445805524;0.4805948278;0.7754664101
730;0.9740963195;0.9740963195;-0.0030100553;0.2239990470;0.6811311592
731;0.9579842596;0.9579842596;0.5032406308;0.2921215200;0.6699910326
732;0.9380953045;0.9380953045;0.9353059406;0.6547859684;0.6534827320
733;0.9145078674;0.9145078674;0.0527629235;0.9121235642;0.5264817326
734;0.8873149427;0.8873149427;1.5188535700;0.7743802718;0.3434802059
735;0.8566237399;0.8566237399;0.5564070529;0.4500677807;0.3149462108
736;0.8225552602;0.8225552602;-0.2094071472;0.3935493111;0.5420050199
737;0.7852438203;0.7852438203;0.8406992904;0.7149387439;0.8278541605
738;0.7448365220;0.7448365220;1.4886436510;1.0448669030;0.8774034145
739;0.7014926729;0.7014926729;0.7279937438;1.0300965500;0.6495468002
740;0.6553831581;0.6553831581;0.7363735300;0.7641102156;0.4309568166
741;0.6066897664;0.6066897664;0.5932508070;0.5915353539;0.5404410279
742;0.5556044735;0.5556044735;0.6423925693;0.6389319143;0.9334084701
743;0.5023286856;0.5023286856;0.9434125630;0.7416850786;1.1718355790
744;0.4470724447;0.4470724447;0.5382196540;0.7568608047;0.9447825527
745;0.3900536010;0.3900536010;0.7677013122;0.7092547031;0.5225827530
746;0.3314969539;0.3314969539;0.5855142302;0.6147241163;0.4229237614
747;0.2716333653;0.2716333653;0.3375734368;0.3944941740;0.6995660983
748;0.2106988503;0.2106988503;0.3507509029;0.0666282965;0.9021420841
749;0.1489336458;0.1489336458;-0.3424901319;-0.1671143571;0.7353834935
750;0.0865812639;0.0865812639;-0.3854624518;-0.1790568661;0.4016807876
751;0.0238875315;0.0238875315;0.0173587736;-0.1168674114;0.1975248762
752;-0.0389003785;-0.0389003785;0.1382722594;-0.1606379233;0.0902373280
753;-0.1015349221;-0.1015349221;-0.5488893353;-0.1961092940;-0.0976562797
754;-0.1637691598;-0.1637691598;0.2422863510;0.0112166684;-0.2989791256
755;-0.2253577304;-0.2253577304;-0.1705890542;0.3512705350;-0.2862775035
756;-0.2860578182;-0.2860578182;1.0797641670;0.3899109454;-0.0728418993
757;-0.3456301104;-0.3456301104;-0.1400905331;-0.0387727582;0.0763105157
758;-0.4038397407;-0.4038397407;-1.0572707250;-0.5320477766;0.0674194984
759;-0.4604572151;-0.4604572151;-0.2685539680;-0.6300323699;0.0942528596
760;-0.5152593167;-0.5152593167;-0.2655074774;-0.4388775453;0.2042578976
761;-0.5680299857;-0.5680299857;-0.8234227792;-0.4399437528;0.0943839180
762;-0.6185611715;-0.6185611715;-0.5011001473;-0.7504309193;-0.3840651574
763;-0.6666536526;-0.6666536526;-0.9655662098;-0.9390202304;-0.8270429221
764;-0.7121178224;-0.7121178224;-0.7017324131;-0.6888361878;-0.7914651965
765;-0.7547744363;-0.7547744363;-0.5450530572;-0.3241920264;-0.4817616582
766;-0.7944553188;-0.7944553188;-0.1989034446;-0.3946588016;-0.4512941449
767;-0.8310040262;-0.8310040262;-0.4453969036;-0.9000893244;-0.7551097511
768;-0.8642764637;-0.8642764637;-2.1863874240;-1.2782818070;-0.8993221570
769;-0.8941414531;-0.8941414531;-0.7514265042;-1.1608711200;-0.6390989208
770;-0.9204812506;-0.9204812506;-0.5074349411;-0.8019707307;-0.3857560821
771;-0.9431920102;-0.9431920102;-0.9472532564;-0.6215236294;-0.6291116727
772;-0.9621841937;-0.9621841937;-0.5329651126;-0.6200363049;-1.1986265570
773;-0.9773829238;-0.9773829238;-0.5899888038;-0.5243336771;-1.4119034540
774;-0.9887282786;-0.9887282786;-0.3357556156;-0.3418092069;-0.9727065872
775;-0.9961755287;-0.9961755287;-0.3804242622;-0.4043375021;-0.3896761441
776;-0.9996953130;-0.9996953130;-0.5204134797;-0.8400857577;-0.2779422353
777;-0.9992737544;-0.9992737544;-1.8265476000;-1.3152212310;-0.5475741475
778;-0.9949125151;-0.9949125151;-1.4901105210;-1.4482999940;-0.6766308248
779;-0.9866287894;-0.9866287894;-0.6440107782;-1.2717238280;-0.5833305122
780;-0.9744552363;-0.9744552363;-1.4618902430;-1.0913875100;-0.7097747727
781;-0.9584398505;-0.9584398505;-1.2618026690;-1.0271707220;-1.2217085260
782;-0.9386457735;-0.9386457735;-0.5952489028;-0.9331872649;-1.6292570380
783;-0.9151510441;-0.9151510441;-0.9051266160;-0.7455012794;-1.4664956080
784;-0.8880482915;-0.8880482915;-0.3561480152;-0.6637810358;-0.9818461562
785;-0.8574443694;-0.8574443694;-1.5279692990;-0.8754640432;-0.7520404549
786;-0.8234599351;-0.8234599351;-0.5837047158;-1.2380148120;-0.8557344442
787;-0.7862289738;-0.7862289738;-1.6032159700;-1.3968177430;-0.9128040255
788;-0.7458982702;-0.7458982702;-1.4672307800;-1.2009355570;-0.8056989035
789;-0.7026268298;-0.7026268298;-0.5557361190;-0.8770467867;-0.8337480801
790;-0.6565852522;-0.6565852522;-0.7267672941;-0.7469753049;-1.1340495490
791;-0.6079550584;-0.6079550584;-1.1731254310;-0.8539581740;-1.3968761050
792;-0.5569279750;-0.5569279750;-0.7031970013;-0.9531869814;-1.2924683420
793;-0.5037051785;-0.5037051785;-0.7949731156;-0.8488645752;-0.9145175735
794;-0.4484965022;-0.4484965022;-0.8966706405;-0.6383089802;-0.6501128122
795;-0.3915196086;-0.3915196086;-0.2672190674;-0.5635324519;-0.7087129864
796;-0.3329991318;-0.3329991318;-1.0778308280;-0.6756514442;-0.9017312110
797;-0.2731657913;-0.2731657913;-0.1164114601;-0.7510727413;-0.9151006072
798;-0.2122554826;-0.2122554826;-1.2247976840;-0.5692833495;-0.7092465633
799;-0.1505083473;-0.1505083473;0.1139865051;-0.1923367374;-0.5273703051
800;-0.0881678263;-0.0881678263;0.0835676234;0.1108130464;-0.5390345648
801;-0.0254796997;-0.0254796997;0.3536166052;0.1797143808;-0.6233236806
802;0.0373088818;0.0373088818;-0.3086612104;0.1028756257;-0.5375744755
803;0.0999503713;0.0999503713;0.4400396473;0.0424607948;-0.2108763032
804;0.1621978021;0.1621978021;-0.3740727128;0.0331870942;0.1644687407
805;0.2238057609;0.2238057609;0.6736918038;0.0173885650;0.3151284763
806;0.2845313557;0.2845313557;-0.7770148448;-0.0082353660;0.1744413575
807;0.3441351730;0.3441351730;0.4864913102;0.0144192872;-0.0352524384
808;0.4023822223;0.4023822223;0.0357207572;0.1013102842;-0.0714006242
809;0.4590428620;0.4590428620;0.0723550474;0.2200428510;0.0359694910
810;0.5138937050;0.5138937050;0.5898145664;0.3796002856;0.0879525388
811;0.5667184994;0.5667184994;0.3982969357;0.6162036093;0.0499889225
812;0.6173089812;0.6173089812;1.1026893400;0.8635558287;0.0877452544
813;0.6654656952;0.6654656952;0.6118475165;0.9541135782;0.2864595603
814;0.7109987813;0.7109987813;1.2177447210;0.8360311286;0.5359092125
815;0.7537287235;0.7537287235;0.5160553444;0.7083490359;0.7181708885
816;0.7934870571;0.7934870571;0.8279611296;0.8134644011;0.8364489335
817;0.8301170329;0.8301170329;1.0294130670;1.1140563940;0.9151002176
818;0.8634742359;0.8634742359;1.4216373540;1.3017847220;0.9182955716
819;0.8934271536;0.8934271536;1.2036527170;1.1558453260;0.8490890967
820;0.9198576955;0.9198576955;0.7760204536;0.7921299661;0.8358563495
821;0.9426616580;0.9426616580;0.2567749928;0.5122893962;0.9960211782
822;0.9617491353;0.9617491353;0.6188149200;0.4976824863;1.2173152130
823;0.9770448744;0.9770448744;1.1428872420;0.7100624672;1.2057021840
824;0.9884885710;0.9884885710;0.4896276631;0.9969634962;0.8474970258
825;0.9960351079;0.9960351079;1.1417441570;1.1988230730;0.4412211068
826;0.9996547326;0.9996547326;1.5531939310;1.2260584680;0.4053794673
827;0.9993331745;0.9993331745;1.1218124780;1.1485282510;0.7684608419
828;0.9950717014;0.9950717014;1.0775595900;1.1627539770;1.1456401910
829;0.9868871143;0.9868871143;1.1900027830;1.3476239860;1.2540855480
830;0.9748116813;0.9748116813;1.5828022850;1.4934754230;1.2070528700
831;0.9588930104;0.9588930104;1.6831051810;1.3347503730;1.2132473520
832;0.9391938615;0.9391938615;0.4266251226;0.9534932331;1.2693524230
833;0.9157918995;0.9157918995;1.0185009070;0.7594072585;1.2972243530
834;0.8887793877;0.8887793877;1.1832204800;0.9835254323;1.3112150800
835;0.8582628240;0.8582628240;0.7262510120;1.3572582400;1.2837295340
836;0.8243625213;0.8243625213;2.0720214220;1.4454318690;1.1089923330
837;0.7872121331;0.7872121331;1.2151859660;1.1851259670;0.8667867583
838;0.7469581264;0.7469581264;0.3214813096;0.8996747306;0.8583279830
839;0.7037592045;0.7037592045;1.1096986260;0.8266144048;1.1834956690
840;0.6577856809;0.6577856809;1.0079065390;0.8547800459;1.4902410440
841;0.6092188083;0.6092188083;0.9891879713;0.7710904175;1.3676961320
842;0.5582500637;0.5582500637;-0.2982045346;0.5666886399;0.8962349419
843;0.5050803937;0.5050803937;1.2735910140;0.3824574361;0.5758924576
844;0.4499194220;0.4499194220;-0.3550039814;0.2907777162;0.6638141101
845;0.3929846231;0.3929846231;0.9477476181;0.2728057859;0.8277851821
846;0.3345004651;0.3345004651;-0.2203515487;0.3248448772;0.6569029940
847;0.2746975243;0.2746975243;0.4674322210;0.4397698399;0.2801603914
848;0.2138115765;0.2138115765;0.6964269732;0.5214626308;0.1373301067
849;0.1520826670;0.1520826670;0.5612312802;0.4471690132;0.3039722973
850;0.0897541650;0.0897541650;0.1082785544;0.2072380915;0.4557969666
851;0.0270718032;0.0270718032;-0.4359343969;-0.1065870902;0.4282867927
852;-0.0357172904;-0.0357172904;-0.0916766227;-0.4177771115;0.3810890364
853;-0.0983655670;-0.0983655670;-0.4998804125;-0.6644810174;0.3746008700
854;-0.1606260329;-0.1606260329;-0.9931290053;-0.7295606924;0.1997498959
855;-0.2222532237;-0.2222532237;-0.6729535258;-0.5377974866;-0.2213550879
856;-0.2830041714;-0.2830041714;0.0111706642;-0.2423981716;-0.6104398990
857;-0.3426393627;-0.3426393627;-0.0655597250;-0.1430183875;-0.7102522582
858;-0.4009236832;-0.4009236832;-0.6085099861;-0.3276793756;-0.6059768545
859;-0.4576273444;-0.4576273444;-0.4267299150;-0.5293090848;-0.4809986266
860;-0.5125267897;-0.5125267897;-0.2838110045;-0.4697786219;-0.3417199327
861;-0.5654055756;-0.5654055756;-0.4658986206;-0.2520553594;-0.1941986543
862;-0.6160552251;-0.6160552251;-0.4872763138;-0.2337639246;-0.1990631370
863;-0.6642760497;-0.6642760497;0.3760888286;-0.5354796179;-0.4023551030
864;-0.7098779368;-0.7098779368;-1.8484961900;-0.8697171826;-0.5584591605
865;-0.7526810989;-0.7526810989;-0.5831698837;-0.9238428597;-0.4666225359
866;-0.7925167826;-0.7925167826;-0.6475698373;-0.7495081166;-0.3063087317
867;-0.8292279341;-0.8292279341;-0.4980975087;-0.6368577585;-0.4120551004
868;-0.8626698179;-0.8626698179;-1.1530999350;-0.7040786533;-0.7902533335
869;-0.8927105879;-0.8927105879;-0.4488346351;-0.7876258685;-1.0572053840
870;-0.9192318072;-0.9192318072;-0.8332962861;-0.7210532936;-0.9243445733
871;-0.9421289146;-0.9421289146;-0.5177181934;-0.5550484061;-0.6013666176
872;-0.9613116374;-0.9613116374;-0.4794271201;-0.4497742867;-0.5158527062
873;-0.9767043466;-0.9767043466;-0.3157453482;-0.4726733549;-0.7101509424
874;-0.9882463560;-0.9882463560;-1.0204188080;-0.5866660081;-0.8137700820
875;-0.9958921607;-0.9958921607;-0.3373656179;-0.7583241443;-0.6222835240
876;-0.9996116166;-0.9996116166;-0.8856029519;-0.9776199569;-0.3853395987
877;-0.9993900598;-0.9993900598;-1.7142086450;-1.2016285970;-0.4172030441
878;-0.9952283637;-0.9952283637;-1.0700788620;-1.3658378490;-0.6784131450
879;-0.9871429359;-0.9871429359;-1.2396267160;-1.4493343370;-0.9177025927
880;-0.9751656537;-0.9751656537;-1.8397363930;-1.4633466750;-1.0605467230
881;-0.9593437379;-0.9593437379;-1.1680798490;-1.3761520980;-1.2245520860
882;-0.9397395673;-0.9397395673;-1.2472238290;-1.1288548060;-1.4225791020
883;-0.9164304320;-0.9164304320;-0.5560420931;-0.7662563698;-1.5084487880
884;-0.8895082294;-0.8895082294;-0.7198263328;-0.4899703439;-1.4174916900
885;-0.8590791015;-0.8590791015;-0.4176565595;-0.4915719638;-1.2322883580
886;-0.8252630164;-0.8252630164;-0.6831404109;-0.7202014906;-1.0063178840
887;-0.7881932956;-0.7881932956;-0.8609639686;-0.8859686117;-0.7346250999
888;-0.7480160880;-0.7480160880;-0.7928390380;-0.7559384919;-0.5035370193
889;-0.7048897940;-0.7048897940;-0.5603093593;-0.4272716616;-0.4696845884
890;-0.6589844410;-0.6589844410;-0.0765690184;-0.2396495699;-0.6429500537
891;-0.6104810128;-0.6104810128;-0.2076163381;-0.3949132296;-0.8167876657
892;-0.5595707364;-0.5595707364;-1.2373924660;-0.7134099247;-0.7714006631
893;-0.5064543277;-0.5064543277;-0.4460078793;-0.8192535092;-0.5084269876
894;-0.4513412005;-0.4513412005;-0.5624301576;-0.5563589249;-0.2713023259
895;-0.3944486408;-0.3944486408;-0.1085824707;-0.1665604732;-0.3162006983
896;-0.3360009500;-0.3360009500;-0.4860711654;-0.0212984622;-0.6107844078
897;-0.2762285606;-0.2762285606;0.2909098534;-0.1999456388;-0.8032811289
898;-0.2153671280;-0.2153671280;-0.3050453321;-0.3971614440;-0.6110977912
899;-0.1536566010;-0.1536566010;-0.8871899521;-0.2841017845;-0.1922835174
900;-0.0913402760;-0.0913402760;0.6063325966;0.0906655751;0.0391965551
901;-0.0286638381;-0.0286638381;0.1917539982;0.3544286420;-0.0743533455
902;0.0341256084;0.0341256084;0.3168176315;0.2669149393;-0.2874136377
903;0.0967805131;0.0967805131;-0.2500307838;0.0051413343;-0.2813033271
904;0.1590538564;0.1590538564;0.5759884793;-0.0869098303;0.0016686239
905;0.2207001228;0.2207001228;-0.8979890735;0.0621132779;0.3223103130
906;0.2814762693;0.2814762693;0.8302983162;0.2070001782;0.3804896004
907;0.3411426833;0.3411426833;0.3403342253;0.1551144880;0.1347526415
908;0.3994641271;0.3994641271;-0.4078225240;0.0132614970;-0.1267495649
909;0.4562106661;0.4562106661;-0.1581527323;0.0111579987;-0.1070454929
910;0.5111585745;0.5111585745;0.6148608647;0.2064097272;0.1453259671
911;0.5640912176;0.5640912176;0.6745622182;0.4577887931;0.2967526633
912;0.6147999063;0.6147999063;0.1117633757;0.6152720267;0.1630897799
913;0.6630847194;0.6630847194;0.4365511747;0.6526787733;-0.0120760343
914;0.7087552917;0.7087552917;1.4084819240;0.6635252298;0.1327522509
915;0.7516315651;0.7516315651;0.5206495741;0.7815135146;0.5364690297
916;0.7915444980;0.7915444980;0.8079024503;1.0370945960;0.7786613695
917;0.8283367318;0.8283367318;1.2277283320;1.2450968880;0.7161557858
918;0.8618632116;0.8618632116;1.3102711050;1.1437662310;0.6695506593
919;0.8919917578;0.8919917578;0.9609376205;0.7361557953;0.8644451864
920;0.9186035872;0.9186035872;0.1090303671;0.3790493677;1.1016075180
921;0.9415937816;0.9415937816;0.1182909179;0.3936722120;1.1372253340
922;0.9608717010;0.9608717010;1.1752251400;0.6795548939;0.9985110170
923;0.9763613414;0.9763613414;0.6077459239;0.8856139315;0.7781913485
924;0.9880016343;0.9880016343;1.2704647050;0.8910398386;0.5003576706
925;0.9957466873;0.9957466873;0.3036633466;0.8910342093;0.3265758052
926;0.9995659651;0.9995659651;1.2296999590;1.0161020660;0.5035380390
927;0.9994444101;0.9994444101;1.3141362340;1.1249021360;0.9344206109
928;0.9953825015;0.9953825015;1.1853061580;1.0649599240;1.1678756770
929;0.9873962536;0.9873962536;0.4807313255;0.9141860662;1.0161963130
930;0.9755171525;0.9755171525;0.8018957614;0.8059127886;0.8410027569
931;0.9597920321;0.9597920321;1.1807481830;0.6926808931;0.9714283809
932;0.9402828893;0.9402828893;0.1451627430;0.4994231734;1.1686439100
933;0.9170666399;0.9170666399;0.5663582867;0.3968353141;1.0274450030
934;0.8902348149;0.8902348149;0.3514344925;0.6484080015;0.6487460511
935;0.8598932000;0.8598932000;1.3610030400;1.1714098570;0.4653150470
936;0.8261614182;0.8261614182;1.6909016750;1.4950198240;0.5643223497
937;0.7891724587;0.7891724587;1.1436885620;1.2798922080;0.6750790599
938;0.7490721521;0.7490721521;0.3751237207;0.7373391093;0.7485029999
939;0.7060185955;0.7060185955;0.8204497887;0.3839268710;1.0096285980
940;0.6601815296;0.6601815296;0.5484332222;0.4427723707;1.3789690840
941;0.6117416689;0.6117416689;0.1851040380;0.6378922091;1.3773138890
942;0.5608899897;0.5608899897;0.7337033909;0.5926838260;0.8352789753
943;0.5078269771;0.5078269771;0.5627092175;0.2962408806;0.2662221371
944;0.4527618343;0.4527618343;-0.1137576424;0.0698821456;0.2094321914
945;0.3959116580;0.3959116580;0.0543498865;0.1209377102;0.5192544751
946;0.3375005825;0.3375005825;0.1985724684;0.2741978918;0.6473977137
947;0.2777588962;0.2777588962;0.6051538230;0.2185922909;0.3968613877
948;0.2169221332;0.2169221332;-0.4072748901;-0.0642667924;0.0658934886
949;0.1552301451;0.1552301451;-0.1435393703;-0.2499894114;-0.0236007530
950;0.0929261554;0.0929261554;-0.1479801184;-0.0591528881;0.1161477761
951;0.0302558002;0.0302558002;0.5219418847;0.4088600658;0.2180035355
952;-0.0325338398;-0.0325338398;0.8485264977;0.7776894569;0.0890980794
953;-0.0951952137;-0.0951952137;0.6185056162;0.7599299212;-0.1301393732
954;-0.1574812763;-0.1574812763;0.2984002401;0.3725494220;-0.0809958034
955;-0.2191464621;-0.2191464621;-0.0557351355;-0.1426543139;0.3556135266
956;-0.2799476533;-0.2799476533;-0.2451383835;-0.5295811717;0.8097104520
957;-0.3396451385;-0.3396451385;-1.0895264640;-0.6764273888;0.7941679054
958;-0.3980035578;-0.3980035578;-0.6071151532;-0.6494223716;0.2711841471
959;-0.4547928306;-0.4547928306;-0.4653112294;-0.5984724809;-0.3362001487
960;-0.5097890626;-0.5097890626;-0.3955767976;-0.6169283862;-0.6666052485
961;-0.5627754288;-0.5627754288;-1.0668733240;-0.6981225320;-0.7315418584
962;-0.6135430281;-0.6135430281;-0.9458541107;-0.8108281557;-0.6970123825
963;-0.6618917070;-0.6618917070;-0.3828034181;-0.9412050271;-0.6352986530
964;-0.7076308488;-0.7076308488;-1.3019018780;-1.0283285560;-0.6004959528
965;-0.7505801247;-0.7505801247;-1.1383208740;-0.9561200726;-0.6916193520
966;-0.7905702055;-0.7905702055;-0.6550491684;-0.7169747244;-0.8852604171
967;-0.8274434285;-0.8274434285;-0.0599556014;-0.5312425489;-1.0054670580
968;-0.8610544193;-0.8610544193;-1.3871957630;-0.6532337729;-0.9668725572
969;-0.8912706651;-0.8912706651;-0.5784913795;-1.0294889120;-0.8564513069
970;-0.9179730372;-0.9179730372;-1.3167860730;-1.2869710600;-0.7466284296
971;-0.9410562601;-0.9410562601;-1.0978172560;-1.1572392270;-0.6598528849
972;-0.9604293273;-0.9604293273;-1.2615342040;-0.8220133234;-0.6981804763
973;-0.9760158597;-0.9760158597;-0.3464856982;-0.7023840334;-0.9385258204
974;-0.9877544065;-0.9877544065;-0.5585122791;-0.9432564770;-1.2135704330
975;-0.9955986881;-0.9955986881;-2.0482446270;-1.2683683120;-1.2396528250
976;-0.9995177781;-0.9995177781;-1.1799863680;-1.3720731120;-0.9786004338
977;-0.9994962252;-0.9994962252;-0.7227178631;-1.2813826060;-0.7272657595
978;-0.9955341145;-0.9955341145;-1.7737260360;-1.2153581230;-0.8114461895
979;-0.9876470667;-0.9876470667;-1.0909799280;-1.2226133960;-1.2086025640
980;-0.9758661768;-0.9758661768;-1.1886499500;-1.1598711850;-1.5241595380
981;-0.9602378917;-0.9602378917;-0.7133487691;-0.9994265100;-1.4467177740
982;-0.9408238263;-0.9408238263;-1.3762776320;-0.9365928237;-1.1490488740
983;-0.9177005216;-0.9177005216;-0.8777866929;-1.0993551330;-1.0200375380
984;-0.8909591423;-0.8909591423;-1.1517687120;-1.3107777200;-1.1060550920
985;-0.8607051173;-0.8607051173;-1.5676355560;-1.3042058640;-1.1396627730
986;-0.8270577244;-0.8270577244;-1.0192043150;-1.0990759530;-1.0401421540
987;-0.7901496201;-0.7901496201;-1.0191107280;-0.9688850358;-1.0183419750
988;-0.7501263162;-0.7501263162;-0.8958616599;-1.0281433960;-1.1793116870
989;-0.7071456062;-0.7071456062;-0.8577576129;-1.0523179740;-1.3259497670
990;-0.6613769436;-0.6613769436;-1.4556738430;-0.8115363961;-1.2409519850
991;-0.6130007732;-0.6130007732;-0.0658574424;-0.4261161169;-0.9873908525
992;-0.5622078203;-0.5622078203;0.0998756090;-0.2207709921;-0.8182748208
993;-0.5091983384;-0.5091983384;-0.5724381512;-0.3087597570;-0.8319703404
994;-0.4541813195;-0.4541813195;-0.8227632273;-0.5031342055;-0.8207225108
995;-0.3973736709;-0.3973736709;-0.2905142522;-0.6054478206;-0.5559914926
996;-0.3389993590;-0.3389993590;-0.5392639262;-0.5895645796;-0.1855659900
997;-0.2792885273;-0.2792885273;-0.2468196540;-0.4852702192;-0.1252712422
998;-0.2184765882;-0.2184765882;-1.0974743840;-0.2769517304;-0.4654310765
999;-0.1568032956;-0.1568032956;0.6865707164;0.0009649857;-0.7651356604
1000;-0.0945117991;-0.0945117991;0.0691883052;0.2217597924;-0.6460806203
1001;-0.0318476856;-0.0318476856;0.3261356949;0.3283377719;-0.2968371771
